,0,1,2,3,4,5,6,user_id,Cluster,avg_rating
0,0.18276305959706574,0.26563770904014655,0.6437666396417859,0.5208655457601478,0.5215909709304261,0.46561700108420395,0.4508914697761002,1,4,3.6814814814814816
1,0.38797742216106845,0.3961426873274314,0.17279210550166113,0.26857496300959194,0.39006146807116066,0.20413690917957622,0.3959812778086469,2,5,3.8
2,0.684318345340611,0.2551796775160782,0.7043067208012826,0.28908397471333513,0.6265145220697568,0.6068563708452893,0.48570059422862083,3,3,3.0
3,0.6048461546516022,0.36800592795594345,0.5737211114205496,0.08097873175856418,0.5518671433186767,0.8973377681257184,0.4761608919711336,4,3,4.357142857142857
4,0.5303888772582398,0.6603170310726347,0.26227420192915885,0.33498405434222067,0.4002736049527775,0.492225993602094,0.5235454972518452,5,1,2.956043956043956
5,0.25967083110903344,0.4153010561532465,0.2546774424011441,0.5871137190727644,0.3274343074581032,0.3820530206703202,0.5558115269555322,6,2,3.581818181818182
6,0.10194480987388432,0.555075252798896,0.5425476226298267,0.5304769282133087,0.5715161148028505,0.5000958700866686,0.4269366887791932,7,4,3.892018779342723
7,0.6881644672932372,0.4686741457053137,0.37676343246378313,0.6783031263685528,0.22069542065267528,0.830675621421987,0.3265869505180202,8,3,3.6
8,0.8160335019003754,0.5483090662054921,0.19485981827664772,0.6227484557165238,0.8143722609580163,0.5988389203431189,0.5267488254754215,9,3,4.166666666666667
9,0.09574486452244763,0.3037271324802734,0.37013553508930264,0.3021324855108516,0.48631537374934486,0.5584395931547141,0.5325697095159484,10,4,4.212765957446808
10,0.39870027063926394,0.45687515729839395,0.359556281974508,0.9169984246616468,0.4891402600698432,0.4368233708165812,0.4173032533791987,11,2,3.533333333333333
11,0.6494444063469075,0.5048200632848238,0.26893063848763377,0.5634130622275423,0.289053332461924,0.8093059828889357,0.20765457071900179,12,3,4.28
12,0.2669706287339143,0.40434513443192577,0.6325527435077843,0.530813616755423,0.2919656061769924,0.4456412305866433,0.4574464312636912,13,4,3.136729222520107
13,0.16467936926484816,0.39755714457003993,0.476785757295928,0.2493588814503924,0.7653868784228086,0.3538766169641923,0.3182036434296339,14,4,4.219512195121951
14,0.6539612858187862,0.45576543099030975,0.47302955293207166,0.7803044846052991,0.4748076492852141,0.29735757496843446,0.23987547954561556,15,0,3.033333333333333
15,0.0,0.5842978630826077,0.14741196679742485,0.6802061173178997,0.46587926208370384,0.4106740378945055,0.459107648377827,16,2,4.3478260869565215
16,0.9171821631558542,0.5644417179532855,0.46935627415719894,0.5444580248294953,0.403603636530976,0.5301223743975189,0.39055067753715256,17,0,3.1578947368421053
17,0.15794726617434757,0.43617436738107496,0.44826652861075444,0.501615692591024,0.4632315879652524,0.48621838697167913,0.4545167761726693,18,4,3.9371069182389937
18,0.7258747052723764,0.7588805006185444,0.38357700088343705,0.42210413694481697,0.4170308351289102,0.35410382274196334,0.675697222827667,19,0,3.6
19,0.6635116082126616,0.878971936001252,0.46477724114642716,0.4535274763989914,0.3676584147464155,0.4113870024082415,0.4618304362229823,20,0,3.3076923076923075
20,0.4945933713866479,0.41810288405857343,0.35343358834180316,0.3173775355244465,0.32025555881678736,0.08931984814353533,0.5564328513549323,21,5,2.663157894736842
21,0.46333428878758076,0.21196174798475848,0.2425094031218167,0.5522433628871978,0.3088746204543271,0.5477520067332101,0.6001986147342315,22,5,3.3
22,0.26021449974648875,0.4678129706669591,0.29834885687964685,0.5632975197914037,0.2757123856215634,0.3606173446590599,0.47210302303603235,23,2,3.636363636363636
23,0.2633321184666758,0.6940982729014397,0.08707903753052343,0.3687657936770377,0.3539431882320251,0.6611245332012774,0.5013776277072395,24,1,4.390243902439025
24,0.2004126335914485,0.5866011255238378,0.2772637982743213,0.6608217901169531,0.4497104258047647,0.29378863209605505,0.48565671639858754,25,2,4.048780487804878
25,0.5052207064279379,0.3130145645324985,0.3499187521066447,0.5488659477599217,0.3195213327440941,0.18571308844152828,0.3907313024395519,26,5,2.9090909090909087
26,0.9018739992637989,0.5317500930000966,0.38314940962094246,0.6377759153837275,0.6541939308415665,0.4458450360999165,0.624173633244798,27,3,3.3
27,0.5749883715055685,0.6681380954926035,0.19192970430705802,0.34514129325910436,0.5540173204398572,0.45874254606258613,0.5359531501836721,28,1,3.641025641025641
28,0.6304896853499637,0.09801332398100743,0.4497046895716545,0.7042578683778775,0.052218080402523515,0.590172865309137,0.4104629212934205,29,5,3.941176470588236
29,0.5504627647082797,0.6831295574121281,0.3400498385875834,0.5523553203760341,0.43594617157858456,0.5888874893357505,0.30637662574407964,30,1,3.8
30,0.5522243183329397,0.17449444621668148,0.5810953033970548,0.14922121536290106,0.5158018492172798,0.6898006572716381,0.36848639774617564,31,5,3.9130434782608696
31,0.7371804484965041,0.5073920616402412,0.2568774481941955,0.4913056825088228,0.5902247680843712,0.5240477293729962,0.4335940037117405,32,3,3.5454545454545454
32,0.7848687418924952,0.36509226842270115,0.23056642785489173,0.5920533755454014,0.6630905689442497,0.5779493459439968,0.49266296045133423,33,3,3.6428571428571432
33,0.9033492711421984,0.31340996423458517,0.514611647972413,0.5554819459379625,0.3499725729586949,0.3370590951562312,0.7032972646594037,34,0,3.8
34,0.8425320557819339,0.5299850069637163,0.44560998093371423,0.5017391543698544,0.31921745742393387,0.4440999794959795,0.3412782539421235,35,0,3.0
35,0.6462886003065641,0.6343054143507422,0.1844542634234416,0.4703029064719009,0.6607618659189294,0.4719708616339162,0.513262178322478,36,1,4.0
36,0.6569232874527209,0.18375765893738571,0.289449765890199,0.680806808904385,0.5801135711278478,0.38978110108901376,0.3478427501282586,37,5,3.45945945945946
37,0.09796924123971223,0.5614148059327613,0.32090663539239633,0.6477765079251577,0.21765484970506818,0.34448210979713634,0.535365512090402,38,2,3.9047619047619047
38,0.6242022340838823,0.1040642221160597,0.26147006743712997,0.4178841256103568,0.4574300531320925,0.29281891557764245,0.7084757450484669,39,5,3.8461538461538463
39,0.7842305464420095,0.32293946042938393,0.4335431499548293,0.5399071368327352,0.35718862428705456,0.3137308261745053,0.380761651640832,40,5,2.727272727272727
40,0.5309092954632213,0.6942342973512311,0.318316026388583,0.46223425883879654,0.22864339665145292,0.6039580062760284,0.20942058407562686,41,1,3.9354838709677415
41,0.27817930280208425,0.8266452059907148,0.30842444028287314,0.5929404270413341,0.32280609004596195,0.6051024388493214,0.4532379821187709,42,2,3.625
42,0.315318110571457,0.7531333693361641,0.3241707393116484,0.641269687402327,0.28812738619008055,0.6316645294896436,0.48763619829608584,43,2,3.678571428571429
43,0.2336479024235113,0.44911369807231954,0.27197762139785897,0.6142911208193362,0.417650779378265,0.2829364696497745,0.425875569021173,44,2,3.6375
44,0.39250393161496977,0.6197926144100145,0.29429872339474983,0.5316913081722435,0.5253730284030754,0.2389125620646504,0.3998128198904036,45,1,3.4827586206896552
45,0.8734697200016657,0.5140089226318489,0.33322193497173236,0.5052052428613723,0.4544256203277921,0.6962941580636413,0.29211611104631663,46,3,4.181818181818182
46,0.6171713900467399,0.48465882690099854,0.486433055756384,0.27148628623142557,0.6040834106362616,0.5784379880934719,0.6039518894608282,47,3,3.5625
47,0.4676035028920763,0.2267881965736313,0.22233902766039687,0.3248547087439347,0.674934748995238,0.46030747860045174,0.4457946678219833,48,5,3.727272727272727
48,0.5658331434885916,0.6318542152056359,0.7296957713374617,0.3209821419469011,0.5915478839870385,0.33370501863109614,0.7078312013284063,49,0,2.7289719626168223
49,0.7947630714685896,0.405905175332379,0.41676433384227524,0.4358098098530195,0.4253899921102644,0.368648759612457,1.0,50,0,3.5384615384615383
50,0.6703823348507455,0.4778223923889241,0.28660534073843996,0.7024023657986532,0.45787597980394895,0.8101297198277999,0.5296737283805653,51,3,3.75
51,0.3348398251282342,0.48847380883625735,0.08540873876762611,0.1962112125648131,0.43973784301770646,0.3526798928442639,0.3509630420457581,52,1,4.342857142857143
52,0.7906593398642057,0.6442499708671453,0.32586676617024796,0.47281321598679155,0.40426562688947926,0.5819218233147874,0.20833422256015177,53,0,4.0
53,0.5474062485139574,0.5152301767509426,0.2917022946583961,0.3921786820395637,0.606312850204906,0.29363601757133867,0.3721182048123796,54,1,3.333333333333333
54,0.9382696695637238,0.5873703438406152,0.4600920376022725,0.5757343224293883,0.4411530384168466,0.5611174872099903,0.37869199906772577,55,0,3.8
55,0.23481939107272115,0.4500767174760793,0.2396960271459637,0.7385971657131519,0.46393900923578024,0.4114896169720068,0.4187940543080525,56,2,3.652173913043478
56,0.46831552673317717,0.7148625159893014,0.18124829394189598,0.4450644561660223,0.6250489445406222,0.44385959928619995,0.4514044410194212,57,1,3.6296296296296298
57,0.289568143627816,0.49695944059052066,0.5737926635708779,0.32047591229403793,0.3886159721745771,0.7605090422282745,0.5427344433557988,58,4,3.875
58,0.10746614864543386,0.3454037064674737,0.47598621446728206,0.6136498210218913,0.6044750081146597,0.5943625736984854,0.4449307681036454,59,4,4.023255813953488
59,0.17002026039906742,0.4044113891574912,0.1937162085277264,0.6839787860272402,0.40446181548413024,0.45514301481913977,0.45052282561276635,60,2,4.1344537815126055
60,0.8613569921834846,0.6016180795742986,0.49903427121803007,0.5300647298087948,0.3272851007288417,0.36681660718252296,0.3908402070647886,61,0,2.833333333333333
61,0.33137675174439596,0.5324710052291957,0.6165346317197076,0.4341465364028834,0.5325637987115778,0.5136631568890317,0.40557408388871063,62,4,3.317073170731707
62,0.58116511697674,0.37194824751237376,0.7687061156940022,0.17951813697338492,0.455965838572628,0.4098712223908877,0.3755270185834214,63,4,2.9791666666666665
63,0.217999561156753,0.4979237006218386,0.4685923099126823,0.6345409569195297,0.5112942505167292,0.5097794953186426,0.514864635583578,64,4,3.596330275229358
64,0.35179387515256927,0.65166519933589,0.2775027231435596,0.9455010219315507,0.56733465946037,0.5994491224009335,0.3342497342999255,65,2,3.9791666666666665
65,0.8646072861917299,0.4351120873262486,0.3624963055685822,0.5066947274169848,0.4175452501987611,0.6363589350931658,0.3329067185442387,66,3,3.523809523809524
66,0.8462163204477786,0.47684438643449856,0.2750188970308106,0.5867056358947658,0.6158425286655037,0.6075160156857609,0.4700893697803244,67,3,3.4166666666666665
67,0.7514909786782913,0.686320392503657,0.39711138951226554,0.38226359261132037,0.35629930260738896,0.5630175414664402,0.36928701052843343,68,0,3.1666666666666665
68,0.5100196274502998,0.14870920594924586,0.4230735692498179,0.25635147269703673,0.7358898249086584,0.5898336396714479,0.5656715324934989,69,5,3.736842105263158
69,0.4970818863372161,0.7153717524235292,0.24321561857194826,0.46910008814971027,0.5777201461510733,0.42334358176582254,0.5062833958409722,70,1,3.4025974025974026
70,0.7209976712349596,0.2472186948817884,0.3627269746106431,0.5757016383811514,0.28316716950534476,0.6054130520171496,0.2979304377711065,71,5,3.8181818181818175
71,0.41398071614878296,0.37099366936917366,0.3434494302131145,0.5852950174840537,0.18664145417086525,0.2698707525990218,0.43631491677297524,72,2,3.767123287671233
72,0.5509149613321016,0.41571472047699354,0.4456688471735897,0.2519558805841926,0.7506418518244913,0.60724402536226,0.48964463040539663,73,3,3.647058823529412
73,0.6269748063167331,0.22541672937933355,0.2144466093009806,0.519766356482996,0.5237815431783398,0.32213815673707324,0.33638107032683506,74,5,3.761904761904762
74,0.6232961938189141,0.682568091672896,0.29753497461438994,0.3605914854123103,0.45666457913437875,0.39582540699537677,0.49236765200890553,75,1,3.1818181818181817
75,0.6754790240044879,0.40966765118705506,0.3556053187802811,0.643968814017254,0.2991702722527435,0.7785438538935026,0.5941815225845577,76,3,3.4
76,0.4310342078392569,0.7454041490431176,0.22771706002974437,0.36558605840609004,0.4362108302444934,0.4054524064160565,0.6525742507165416,77,1,3.4615384615384617
77,0.7419316434969947,0.542576825726251,0.5191091380079776,0.8274472854790893,0.8914001292374023,0.5161962069684616,0.5338297439669042,78,3,3.3571428571428568
78,0.4676025265893586,0.7344267897783028,0.6311987957489644,0.0,0.5110265725224648,0.6180808304332903,0.3475738635356269,79,1,4.185185185185185
79,0.9267610869997402,0.43286348935311164,0.46669331801069036,0.5222779866572438,0.30826957974478403,0.5127306009506544,0.4152674405224654,80,0,3.928571428571429
80,0.5308268587527164,0.7202935186983114,0.19560755379716813,0.29199255784620526,0.5199184172193552,0.43871378100475655,0.5363492174262935,81,1,3.566666666666667
81,0.2585059486786715,0.42546923310818247,0.47173529983384876,0.6212620403867737,0.18923672477193154,0.4453269418878844,0.4495809782313798,82,2,3.1279069767441863
82,0.5863777884892809,0.6746453628528787,0.3305595063998658,0.5832493757978146,0.5421346154098667,0.4511701235975658,0.3893068900065404,83,1,3.3974358974358974
83,0.39319090153782826,0.6727127426196736,0.4014350162291004,0.4720292550044074,0.13449491569051658,0.47688714686476413,0.4255596640608585,84,2,3.744186046511628
84,0.16283380126885433,0.48265751912035876,0.6055796841518396,0.4880857971965901,0.47779791162394886,0.43296381502275294,0.4736690703542581,85,4,3.547169811320755
85,0.8342306533733757,0.6562854185502633,0.4254467548673877,0.5039518929477906,0.4126491494340466,0.47588611014743853,0.28561028074301775,86,0,3.636363636363636
86,0.2800453066809826,0.32300703094302097,0.5751865896839174,0.5272727050044163,0.4381443338973063,0.7066253854767126,0.3255569472774223,87,4,3.7787610619469034
87,0.684881268234118,0.7170692416212794,0.489565764864448,0.6318625813094435,0.321631173066558,0.42556504044093674,0.40639551778074656,88,0,4.090909090909091
88,0.48606437328692753,0.8084751049982901,0.1888041486645084,0.17048791977260763,0.3317054868982622,0.5438566037813528,0.21992615941303453,89,1,4.15
89,0.05898596514771742,0.23455652772474062,0.5133282281776446,0.6908415765716229,0.5953949801672698,0.693498664136542,0.4463988610822616,90,4,4.25
90,0.46364495555766727,0.3000860125165751,0.09082542270533472,0.36605329207275394,0.5694572720384812,0.36976216742662626,0.4531645817960582,91,5,3.9
91,0.3445841856329193,0.5278749916754488,0.3513754896704001,0.6307043924468058,0.373439180658657,0.3038190419588508,0.48895457480122234,92,2,3.230392156862745
92,0.7751996007845579,0.8624508084487348,0.5486165441223639,0.41727179393685027,0.3090093018800855,0.21176706051044486,0.4056416814886134,93,0,3.0
93,0.13781885122875998,0.40197830575433435,0.6281035551522716,0.49796906537518154,0.5033970941215975,0.4939727192759045,0.5068283068460777,94,4,3.6606334841628962
94,0.28573854661326203,0.5767951875398676,0.32201403923900646,0.6698208649174856,0.3674011190854916,0.40821440018573496,0.515994419487308,95,2,3.4840764331210186
95,0.42750365872773133,0.4490453870397413,0.2046720573955067,0.8593861586687114,0.7580706382352723,0.2786648820892833,0.15160934001302356,96,2,4.25
96,0.3145277577680126,0.8608382932904628,0.2118423269770857,0.5984678352337307,0.7390042731510813,0.31914720700222743,0.51366793460526,97,1,3.971428571428572
97,0.5560551373223507,0.4134207331595494,0.30298757311403396,0.5064556449147205,0.09622961946153702,1.0,0.6085829034038049,98,3,3.875
98,0.5233250175410873,0.7586762173464956,0.2079725292759488,0.2742231594438922,0.47070416641677604,0.4322790046466966,0.49713521644572184,99,1,3.6507936507936503
99,0.741297273177532,0.5000902950752271,0.34564309328597664,0.6620005556215737,0.5571665890929773,0.504900511387713,0.34684119342464176,100,3,3.0294117647058822
100,0.6782785011496866,0.813690066296172,0.41409575479995375,0.7136100254553936,0.6769641482332406,0.2622547028220853,0.4736256994217685,101,0,3.0
101,0.5686976640802122,0.6812643897583975,0.4776875090020181,0.6811434797591556,0.3294663381903936,0.47255156768779855,0.6357718587506404,102,0,2.5625
102,0.8622657936373599,0.4068164586078622,0.3736658983513039,0.49685829704160717,0.39137954382873813,0.6392664639985004,0.32486411175352975,103,3,3.4
103,0.577487100796337,0.1369626151983585,0.4783208273719588,0.3781369904055965,0.40361085340288666,0.458543454958025,0.589007569898078,104,5,2.793650793650793
104,0.6986503871356123,0.03229808331411399,0.29910865346536025,0.5533187601029017,0.46099576439298523,0.2911316026380051,0.4348322423030097,105,5,3.3125
105,0.8277427104013175,0.39012609850723423,0.31961533959824306,0.4831325199970466,0.4087656121583758,0.6655905434406185,0.28824008380342814,106,3,3.7142857142857135
106,0.8390538763454785,0.42944190265355187,0.40384875973694007,0.571292967727421,0.49770696152411587,0.3572621068701596,0.5586790771874713,107,0,2.769230769230769
107,0.5850427552715189,0.7320540774057953,0.37368577406017883,0.18606473994416245,0.22648980920588974,0.40865167651412615,0.5766497380512157,108,1,3.4117647058823533
108,0.27828840788290454,0.7590021572658534,0.30371372420311615,0.7704005221085459,0.44940877800546425,0.5972103065170979,0.48305265756371807,109,2,3.5
109,0.5523069137752201,0.4330348984386966,0.29279838474488973,0.46092090432392346,0.32964049797767975,0.4896658602016401,0.5924434568497136,110,5,3.0853658536585367
110,0.611814609599584,0.2367660292822491,0.29107293760465186,0.489506820961123,0.4062789751895747,0.25076634866885145,0.23857879231657525,111,5,3.5
111,0.8672910699458345,0.37786969791253144,0.37258684727328445,0.489839978060528,0.36930649539056537,0.5751159240268875,0.3574783483375008,112,3,3.9166666666666665
112,0.5978213189391186,0.10792724584267921,0.16952277363427082,0.4162936686730734,0.45930654274059374,0.5087499044280193,0.3352950155574469,113,5,3.806451612903226
113,0.4687548318443266,0.10200141852425487,0.23032818018828705,0.5927582931886708,0.3063034440804331,0.6234212344815563,0.5389786337842255,114,5,3.6296296296296298
114,0.20320363236707267,0.2746797124232101,0.5256138820551243,0.7953620632691363,0.7286895048835111,0.5693429572040786,0.41446185086221604,115,4,4.040816326530612
115,0.2490387763318464,0.4728484228614362,0.6483392286550926,0.3102246955008476,0.2610183039448164,0.5082873330572429,0.6749287994845121,116,4,3.0568181818181817
116,0.4829659649061244,0.8433151530628027,0.2839671545296369,0.5682522575289004,0.5946267988975156,0.4788335124303163,0.4061255413678204,117,1,3.7222222222222223
117,0.3052276294267787,0.5715365153990921,0.4165965936764144,0.47075293277724656,1.0,0.7856914308893411,0.32787340307640744,118,4,4.642857142857143
118,0.32488664351626073,0.3812390505224838,0.4209829681967227,0.19460684876512208,0.6756247321770249,0.415540503933128,0.46189468673383366,119,4,3.877551020408163
119,0.6973491502990592,0.7994145913127145,0.38797859859309475,0.36823233457523363,0.3507986042662144,0.39662418817871825,0.23522424605459905,120,1,3.571428571428572
120,0.4996172084080823,0.6609540286898632,0.6060015424315011,0.31096982463925943,0.5656162514773654,0.5301216096221948,0.11437208599606385,121,1,3.6739130434782608
121,0.6416392460889679,0.21299092135882003,0.35571556613698185,0.6548013803515786,0.1936177801738161,0.7308005243427922,0.3064647233238922,122,5,3.9705882352941178
122,0.26272216452609426,0.4605585482681504,0.3337274444164763,0.46659602041566794,0.05116110968091225,0.24411584068253175,0.6312072017234022,123,2,3.931034482758621
123,0.7363034945639969,0.8297900520359744,0.4683165921357634,0.3409070166096157,0.30882747374687647,0.3752770623723477,0.5097610191038048,124,0,3.5
124,0.27778568806541304,0.8577380715309282,0.3309854263303111,0.6847156417663813,0.40687240313195777,0.545018053480726,0.5250105916410865,125,2,3.4444444444444446
125,0.7550064247226731,0.41054379061449897,0.135148547973447,0.5849203453374427,0.7950522916708518,0.6419453095508789,0.4892865412196503,126,3,3.695652173913044
126,0.8464780511209435,0.5538490254059144,0.28660244013543623,0.6390731997179655,0.7992969124464262,0.5558610115779395,0.5618360871747508,127,3,4.181818181818182
127,0.45233771090283353,0.5067880867410554,0.3470016003717238,0.37779144924154445,0.1046308549818391,0.5042547770478755,0.40601272921856857,128,2,3.57843137254902
128,0.7259629652878177,0.2516286124235539,0.4364781415854749,0.4761514234113446,0.20876739755071813,0.28219944618802484,0.2593987587821057,129,5,2.8666666666666667
129,0.055392261334387405,0.5668949894776537,0.5035315446061209,0.4755652478442824,0.5815930392548618,0.4782223795576653,0.4701472938231849,130,4,4.078651685393258
130,0.8569803710762409,0.32275136936425075,0.6885383278121611,0.38697328707355017,0.41819607754732924,0.5706027017423329,0.4111650256490286,131,0,4.066666666666666
131,0.6906934487548013,0.2606429369307475,0.3444227211220804,0.46033124821829696,0.2944411134688759,0.36079941902687757,0.2022175691915894,132,5,3.7058823529411766
132,0.7027581363081918,0.6017279173441281,0.4105756742736256,0.8004422312147774,0.6018024097375226,0.46296896275539706,0.31621463922533755,133,0,3.2777777777777777
133,0.6313982006185088,0.6851752099999011,0.47316129010077557,0.3349766718825451,0.17216531122468487,0.08514083316311544,0.28762952605581865,134,0,3.583333333333333
134,0.7322826942098661,0.3524387663382571,0.36544650342467383,0.7594155795491612,0.3903324059105664,0.702964559711396,0.627750407076614,135,3,3.45
135,0.685320065678255,0.06668013636191344,0.30510660081171365,0.4442142025724797,0.32826936340808066,0.4876859589086735,0.15217123725564374,136,5,4.55
136,0.38856269543825117,0.5449070207181365,0.3465204065224442,0.5275694230657592,0.39989836250050026,0.2761096115907634,0.1855825285355237,137,2,4.083333333333333
137,0.3461611347479212,0.6941949653539736,0.25394165331174307,0.37187352015748587,0.07141774030844111,0.7958389328848343,0.39860671186389185,138,1,4.296296296296297
138,0.7988017667048102,0.16049031864742314,0.3947059772370388,0.6040109980891466,0.4511541643048073,0.2213720010105295,0.6088305039990782,139,5,3.933333333333333
139,0.6402269819216582,0.25919793373555966,0.2853743928076741,0.5213120515375881,0.40866364911836095,0.2551557809763072,0.33879700632363097,140,5,3.6
140,0.7448593452932308,0.2652495487376847,0.33157561581648176,0.4809762793317372,0.3630141445245583,0.47282079579359726,0.24367171171484794,141,5,3.4461538461538463
141,0.49638047872611935,0.7447233665136027,0.22214102003676947,0.130779475096499,0.28651368116689313,0.5557547323351468,0.3385910398604636,142,1,3.8
142,0.7575158885850863,0.3523963920835014,0.16406526622604733,0.5764762783334054,0.707004950726789,0.6095785586081446,0.48327903993155774,143,3,3.733333333333333
143,0.1743465559663171,0.5246126102094292,0.6460132769626147,0.5169798014654249,0.5241808798772131,0.440583085367262,0.41016432509787837,144,4,3.6666666666666665
144,0.3152438543121779,0.4185161703545067,0.30503540593105916,0.6544680041168154,0.29687153200149663,0.4822888089598069,0.578568724201664,145,2,3.3189189189189188
145,0.5239774350431452,0.7800761461103007,0.3535549401535405,0.6308563870799359,0.462661843462455,0.574639915152452,0.27124385355847536,146,1,3.684210526315789
146,0.49773332444162066,0.3999881594258752,0.2000069553891946,0.24754133305291515,0.2556024540016951,0.49597718601348556,0.2273519632598469,147,5,4.3
147,0.3402411890759077,0.45430098560833077,0.11778111354619292,0.20588279709277774,0.42205031255134645,0.2792565236739698,0.39976788421237747,148,1,4.0
148,0.8165034830059574,0.18179627096070822,0.4629783714908102,0.5169684212008622,0.28264187280307707,0.32558837049954137,0.35197260467572167,149,5,3.0
149,0.7197616389800716,0.6105132196147518,0.37752663777453194,0.45336822769398993,0.4665869117506062,0.3069626567332239,0.8155442459575752,150,0,3.8
150,0.03762901312226896,0.48748729304983096,0.5788135717318447,0.44686420849884034,0.5545414092176514,0.5645449737545067,0.4184476456604241,151,4,4.084337349397591
151,0.4313485175576843,0.9332213292570795,0.26265619760841774,0.5590676926137299,0.6182046732200375,0.4734327673795428,0.37374551695877,152,1,4.285714285714286
152,0.944514801621122,0.40700466602761354,0.519248701759474,0.5633132231485494,0.32568594973166176,0.4433939487949848,0.5033056644445861,153,0,3.0769230769230766
153,0.6894947901859975,0.20809754040481998,0.15764126836512493,0.5565208678753215,0.653436787054396,0.49601044066014005,0.40775146833352066,154,5,3.962962962962963
154,0.9295972665383945,0.4362659008035873,0.4883669823301221,0.652970187149748,0.4900312076779536,0.36762836033371155,0.648695543014007,155,0,2.636363636363636
155,0.8252787170148626,0.4648681591242705,0.5164517359940604,0.7270225097749263,0.1425869054333741,0.7209905266247285,0.5046978329497686,156,0,3.7777777777777777
156,0.7770856704513522,0.5839076249504261,0.3021340703453176,0.3567654201877938,0.394218262483042,0.7479009547237822,0.46947315671992157,157,3,3.703703703703704
157,0.3076924832431228,0.369725697210726,0.17635907349616187,0.37143259527927497,0.33356783449837923,0.4919770245115775,0.7003466355983229,158,2,3.8383838383838382
158,0.4834050502284707,0.46294809528890934,0.27714435729430986,0.5904403217058996,0.5418592792603697,0.3139073670263862,0.36931626016513197,159,5,3.4057971014492754
159,0.2287546161374709,0.2236964240578012,0.5280595858888478,0.4852232785028228,0.6396723236466004,0.49495569481118845,0.38201853085888254,160,4,4.090909090909091
160,0.8158440906242865,0.600693516876928,0.5440628996586139,0.5516587286666123,0.2091873308626211,0.5218550421621085,0.5921524813872503,161,0,2.5294117647058822
161,0.6783599387524812,0.7675375910765299,0.33720919413638234,0.4544087303779545,0.5071805334452444,0.2871036785784984,0.4321096878841527,162,1,3.35
162,0.9957670269590884,0.5595912802475324,0.5716700163598252,0.5810495074871398,0.387982784008758,0.41841235222509504,0.5076162210138702,163,0,3.0769230769230766
163,0.6494318535867625,0.4118838625984701,0.17873119261046067,0.8044956585032514,0.8363918279195569,0.6076889936893498,0.40914521100044654,164,3,4.0606060606060606
164,0.4820817711345061,0.8414542942876382,0.25556831838255,0.10965356288081107,0.2736921389317099,0.5078871076681325,0.3944689942843209,165,1,4.0
165,0.9701452603321997,0.6493457033218868,0.6029846516177662,0.574607841751166,0.2842908605807466,0.2685830075722567,0.5358478913212988,166,0,3.3
166,0.30660129809314957,0.37640923598416925,0.2630656533510844,0.4697674547562247,0.09494672519419822,0.5469585804799392,0.49999468619472254,167,2,3.8157894736842106
167,0.6144230496325108,0.7008662939167891,0.3351569933883742,0.2789585128271202,0.2876306548802872,0.443812345396199,0.30807136133721946,168,1,3.2571428571428567
168,0.40483730542821517,0.554064192891116,0.11187659861066196,0.2576496668683691,0.5186398583916295,0.3370990125599399,0.4914360388734516,169,1,3.9565217391304346
169,0.7097797362542961,0.4935704050186681,0.21799728066766658,0.5155960922823528,0.5664238520232019,0.518289346094474,0.34273024887380693,170,3,3.6666666666666665
170,0.8250815916882515,0.5821145489002709,0.3666944344368698,0.5493746167380625,0.5049061339111741,0.466892639061811,0.4127673717033017,171,0,3.421052631578948
171,0.8471436979920512,0.12705140525245573,0.5594683790688032,0.5739174835675259,0.2063149769677115,0.24152672801439323,0.4773958316867751,172,5,3.0
172,0.522245449631248,0.26590847918524607,0.19726781466499488,0.26594495997471457,0.27402539172854523,0.5071840178799829,0.28194041936481107,173,5,4.185185185185185
173,0.47037716964687487,0.40405787147335004,0.26293376513668787,0.28705448815773826,0.26662740557617337,0.3987820445499692,0.2796831750500779,174,5,3.8020833333333335
174,0.4620887560458655,0.6809623721562104,0.17492107364839302,0.556773229338791,0.45987417786429097,0.7228682274162355,0.6710584100479642,175,1,3.8260869565217392
175,0.682605494607189,0.576933370085589,0.27194092905050726,0.3898513330935074,0.4360186244286354,0.5197104778660938,0.49163716388347345,176,3,3.6428571428571432
176,0.5872424022798789,0.1751102396918352,0.15534307949491993,0.41657703517399913,0.5354420034705576,0.4849615069837611,0.5536679431142613,177,5,3.73015873015873
177,0.19312058716559344,0.6056786170653384,0.2968029310475926,0.7227542006090873,0.3608728439616542,0.44423646476080836,0.5141097912215108,178,2,3.718954248366013
178,0.5166808313524148,0.4629960977643857,0.33529725772636476,0.3589554135814397,0.38117808420516763,0.04541201341750667,0.5924015014070821,179,5,2.9130434782608696
179,0.7198659572856263,0.4883167292419623,0.2336232260034637,0.38363555403699545,0.508693493840903,0.6912738798684918,0.5666851012118678,180,3,3.852941176470588
180,0.7356106123621533,0.5819815109678356,0.6870665182550784,0.5487276111718206,0.4008693383739186,0.24089795997628496,0.6286983479442267,181,0,1.518348623853211
181,0.34066215431757074,0.8051212357120663,0.4821341858415076,0.14570674763207736,0.29133156482144346,0.6941860051264335,0.4218019052871968,182,1,4.142857142857143
182,0.6794488715944731,0.4925515039363453,0.4636822587467552,0.7090735489556956,0.11623836100696877,0.7229920405015846,0.4093521602938816,183,0,3.1666666666666665
183,0.17359880356935542,0.4247231980230677,0.5756773246840333,0.44300154688455373,0.49866387112746513,0.3757200483314025,0.493114792749239,184,4,3.7142857142857135
184,0.45179772871892865,0.4128519391299361,0.5731983961092099,0.64584960949208,0.5865716996529313,0.40730644919600595,0.0,185,4,3.875
185,0.5783185188296497,0.6083510053054673,0.509949273769913,0.813099261977184,0.1935260488290655,0.6018085938307636,0.3677766122063718,186,0,3.333333333333333
186,0.4624825735011965,0.7956672402598239,0.7474670075191059,0.6124757754855349,0.46009285040403575,0.7656890491498789,0.42262593473673254,187,0,4.205882352941177
187,0.366320568145946,0.22265383883079803,0.1878520329753288,0.5261890850254924,0.24958097831542023,0.6169731175689845,0.5072587048345687,188,5,3.896551724137931
188,0.03641725832136755,0.48241822856741867,0.6257686474938946,0.5849332233631104,0.6248101911667028,0.4562474238792209,0.40190510660664186,189,4,3.963302752293578
189,0.5336644800232174,0.5175482371390595,0.1918878945756927,0.37888898086167794,0.5792701982670143,0.32102062856081137,0.5997181169500728,190,1,3.388888888888889
190,0.9832520472383499,0.5692607019757836,0.5374941183614385,0.5908693342631193,0.34805952590271655,0.4775364790061678,0.4955109319106198,191,0,4.0
191,0.7343301485318676,0.468869473504402,0.6372250653914663,0.22308285575037096,0.5077566497916516,0.7707770422128484,0.5308102134330506,192,3,3.45
192,0.5208103828442836,0.7568976062814307,0.48696002597162225,0.7425325239725238,0.28165874772823696,0.4438306907077532,0.33908543843764183,193,0,3.278688524590164
193,0.45482623314938553,0.5085301132646735,0.4303557418877501,0.6504839049071949,0.2819737091590797,0.3532771151451116,0.5761101419844826,194,2,2.9444444444444446
194,0.5429985877907493,0.543142690329046,0.2385756097909644,0.5506585941860346,0.6035189844346928,0.5435787021942026,0.6329428475685592,195,3,3.224489795918368
195,0.8656277011934621,0.5828267113896703,1.0,0.7257940118043649,0.6353115032127669,0.4429823980897765,0.4794597237751415,196,0,3.238095238095238
196,0.47735609685532066,0.6565578693290345,0.3333881633183191,0.5604248350515171,0.2652951008401495,0.6199041456547711,0.6319511857804254,197,2,3.1923076923076925
197,0.26899125811477664,0.4164081379805722,0.6434276209559033,0.366859580249735,0.5492647069562254,0.5040020933971231,0.544149351146825,198,4,3.2547169811320757
198,0.7984054572212107,0.617828967005323,0.7543284557449551,0.43619439333034343,0.49678629402908037,0.3811127154941763,0.46955342006417056,199,0,3.1578947368421053
199,0.07792303974810655,0.49445120814409965,0.380349868567465,0.6253500328943671,0.49572797749357844,0.38544869585219055,0.4907035057397596,200,2,4.0
200,0.27571180648745497,0.510247560365576,0.633597572561128,0.5887407071425667,0.4847386204154668,0.39991205959075593,0.5248006539090447,201,4,3.1441860465116283
201,0.7755194808740757,0.7826344908972893,0.6409697855395409,0.6883230920181429,0.377176920249616,0.16205775368425368,0.4428803379121364,202,0,2.8461538461538463
202,0.6205041940934732,0.7469853195371533,0.26600997271302745,0.409902764690004,0.6050048173427414,0.3316141337044162,0.6795808729250196,203,1,3.272727272727273
203,0.8824811519049967,0.3938005577206355,0.3855612889973932,0.5754019157024401,0.47730838395572217,0.4460724091058864,0.5624001080959401,204,3,3.631578947368421
204,1.0,0.4670363542484153,0.6208229385734192,0.584278111137214,0.2844019718896602,0.33398995335374826,0.5822570075741085,205,0,2.8
205,0.8327205172530352,0.43062559493113584,0.670189007191357,0.7024384506617053,0.4559119405574339,0.2079040077087398,0.5773317881621468,206,0,1.8787878787878791
206,0.28843944781700614,0.3884917458661842,0.5524448157919309,0.6289408719774345,0.539269881125008,0.38910237663158936,0.5288186032661641,207,4,3.218045112781955
207,0.8161393218436273,0.5371204372608888,0.6459268740051969,0.7312300630362091,0.06961816536969229,0.545290639319258,0.5550987896345934,208,0,3.727272727272727
208,0.5733550796510298,0.7459775997134444,0.7790474695875724,0.16204564776755903,0.5022462781592456,0.39181931444598406,0.25469093986445546,209,0,3.375
209,0.12705089557604554,0.4426849154863092,0.19082309048066942,0.6520221247216877,0.3844439676154374,0.3913899039793859,0.44215484283028944,210,2,3.9857142857142858
210,0.5575135253109835,0.9709748161776037,0.5131904374861718,0.675609024287954,0.49567173362523825,0.3138567183309362,0.42186556106766565,211,0,3.3809523809523814
211,0.7223774407526993,0.71431572697421,0.7711239849717808,0.6463251296387172,0.5874496204501327,0.4554326352282866,0.22765437735408414,212,0,4.235294117647058
212,0.4205745222048436,0.7092606368547257,0.05884604707035762,0.21762716103172164,0.5713531781532392,0.5012689375335815,0.5504966787383592,213,1,4.2388059701492535
213,0.44092989284352624,0.5014603702799867,0.2799808808168697,0.1747221596307157,0.19679199066494651,0.2963142870819723,0.32823318966252535,214,1,3.873015873015873
214,0.35925074979436206,0.7274894307688256,0.17303722982345596,0.3412192478425172,0.3376357312820596,0.5976523651353778,0.5596686355570032,215,1,3.86
215,0.18222271670178525,0.444768540076699,0.27258026460576057,0.6967627398143859,0.32413036689470276,0.4255098743625008,0.44990896184487245,216,2,3.9315068493150687
216,0.7148835673853854,0.42435226279204685,0.4675991813741214,0.9440103241241079,0.48096523205177233,0.5729174924706477,0.5903083186694195,217,3,3.0540540540540535
217,0.43195825006664046,0.2590201525490413,0.23109986568289914,0.5790330812837869,0.29319876443328496,0.5442961995897747,0.52695010590552,218,5,3.6060606060606064
218,0.7228644666661345,0.4738325225465893,0.21875918219228108,0.5089487611800373,0.6797343470157267,0.42755960009788585,0.5976070411859891,219,3,4.125
219,0.8879024675963509,0.5434574552168797,0.49666818502669446,0.4250007449061102,0.2989579597599167,0.5032935485027421,0.7252360473176487,220,0,3.8
220,0.35957334837080257,0.6225707988341929,0.5605108763692787,0.43628577155467174,0.5917644208017256,0.6388388099082997,0.5614757963911037,221,4,3.614457831325301
221,0.3063654735507349,0.3496646041481205,0.7084434538192652,0.5157167537100275,0.5498476000683651,0.5341429263304367,0.4795120145042926,222,4,3.0328638497652585
222,0.44290677396314826,0.8663966597913371,0.3488034531341434,0.5207294112958446,0.5307346909417912,0.3450568757054032,0.4919103569294866,223,1,3.1923076923076925
223,0.599104177417221,0.6526659682485441,0.504313661129592,0.9107837270764026,0.3240082788689551,0.610587182031134,0.2642848632968493,224,0,3.09375
224,0.555623743631611,0.3932183421036073,0.3005749287704237,0.4903952088723657,0.04022619637462149,0.9882899350840952,0.6186062002305794,225,3,4.8
225,0.29222091462529404,0.34297026612534476,0.6420986137150815,0.26790087542517776,0.20372847753766996,0.5065789022972911,0.36495846271328397,226,4,3.645161290322581
226,0.7155739836523484,0.3390454595765045,0.375411544736998,0.39272129302554565,0.35750507536524073,0.39773604721153955,0.71955362768388,227,5,3.2777777777777777
227,0.8757392164058494,0.713712968551002,0.5930072288220789,0.5457177739436804,0.2614351714267842,0.3339456180533541,0.34123757018974743,228,0,2.8571428571428568
228,0.9703519961124607,0.5019232497085285,0.5169141916808633,0.6808922714478407,0.5395358020159261,0.2689004619866602,0.7584591456496392,229,0,3.1333333333333333
229,0.31144973133334697,0.8684209512239316,0.3462222389954873,0.6319457841087227,0.3353711663490154,0.5961289444543438,0.3880741940622241,230,2,3.92
230,0.6743391463365205,0.8569218196537358,0.39102038271943007,0.28162394122908824,0.3288878222397814,0.4773017669035993,0.46693027003378895,231,1,3.6
231,0.23025665636754544,0.2849249604847799,0.6582590737413636,0.5266302581280778,0.3729661890079677,0.6328920101491898,0.26140170471065194,232,4,3.8936170212765964
232,0.2485685629233619,0.5133948094274522,0.13810935231620175,0.40050736347614135,0.30498427670984163,0.5256904022123493,0.521447092758815,233,2,4.352941176470588
233,0.31974277395755357,0.4190673478224156,0.5368193612836188,0.49677948417280016,0.3874220813490285,0.38963313145276746,0.5585768919078016,234,4,3.1043165467625897
234,0.5746323320125603,0.654718912542661,0.5996271475807272,0.18789148554902718,0.511857725309558,0.5210647209918426,0.1763619141906761,235,1,3.8936170212765964
235,0.25791534633226265,0.5963165630492143,0.46351142448021804,0.5391243852376431,0.03326515764367377,0.35293018326707326,0.4366087220600804,236,2,3.3571428571428568
236,0.48314066901829256,0.3978315485004701,0.24665143263227354,0.18744172108953244,0.2654765887055326,0.42224082173006794,0.3455793064237698,237,5,4.111111111111111
237,0.6150412484333826,0.7954444131255987,0.41195663108035485,0.23139077534939484,0.2891128685606086,0.43032747712573194,0.4492024398888385,238,1,3.2142857142857144
238,0.3296936660255819,0.12298402250479878,0.434209475907722,0.293263661569683,0.6213254205205709,0.562176197655447,0.4830362240991148,239,4,4.116279069767442
239,0.6807093998864131,0.025019729240956357,0.27073674841551004,0.5418419159942814,0.45630545845217724,0.3051767424094912,0.4148312864504694,240,5,3.6
240,0.8714181694765065,0.4247528887941704,0.3641750079302428,0.569923656335926,0.5253302379912943,0.47686471399094843,0.5129129623171168,241,3,3.333333333333333
241,0.7676939812801656,0.7862200027428492,0.5017789173140325,0.4223055081308471,0.2566281917636121,0.2559824028598487,0.42070979255777696,242,0,4.2727272727272725
242,0.6161552201755421,0.7994480120362442,0.4729489021527833,0.5711031663121512,0.40392711607885284,0.30240803213243206,0.2220292140700397,243,0,3.555555555555556
243,0.3703554705262363,0.6819895720426489,0.39629346524787684,0.3898930479895907,0.4020934570444852,0.602794155932196,0.6721973390091948,244,1,3.7094017094017095
244,0.6900403438339184,0.8854087529121116,0.4627599192516565,0.30519351712455534,0.3053764745733667,0.3490761865105679,0.5309925624174365,245,0,3.3076923076923075
245,0.48730333073878135,0.7217056445797132,0.37542978174395814,0.6987339052763973,0.5034785811516391,0.4320165708566706,0.5944863531433627,246,2,2.954954954954955
246,0.7704520643306092,0.5763641589364408,0.6634299443239795,0.34373560903624495,0.5811869694841661,0.65112614211451,0.24983857896814585,247,0,3.8
247,0.568543785869282,0.3871043621023987,0.27654927231654436,0.5068068335682996,0.5291967093126664,0.13829050959699268,0.3861672456132386,248,5,3.1904761904761907
248,0.10512811534074218,0.4654190425078149,0.24792016947416298,0.7076353881942586,0.3032587492803799,0.4479481351541261,0.468638491222924,249,2,4.191011235955056
249,0.3255954088174846,0.8569587921386396,0.2208498612061626,0.4478810283420079,0.5802019567978376,0.390585121799826,0.484005832641079,250,1,3.8307692307692314
250,0.453674118762899,0.7251265945826019,0.44768385765568486,0.532583592688788,0.8498552065878191,0.359494078208453,0.3665735816668895,251,1,3.727272727272727
251,0.6413173171658267,0.7236663457450565,0.8714588092384472,0.19742449180780802,0.3307507128875273,0.1694299156312552,0.36172401670073306,252,0,4.545454545454546
252,0.37402769478274844,0.7783527105642383,0.09169774943205511,0.15823009572908436,0.5121859472735778,0.43623592293728447,0.5244832961963573,253,1,3.946428571428572
253,0.4358635001889535,0.7024734262150624,0.3562806871424609,0.695358279999634,0.4041435109994845,0.5778150549115002,0.45191745045840725,254,2,3.1529411764705877
254,0.858143932120556,0.37972898164168806,0.43615674296041174,0.6554314693778006,0.4776622608854551,0.46279621536428583,0.6201395642771689,255,3,2.4782608695652173
255,0.17764837666178318,0.435396326488008,0.13287858770067124,0.35614707986210226,0.28883564331834366,0.34251282433540053,0.49112161731683235,256,2,4.069565217391304
256,0.7585172562584802,0.3631620176106302,0.3832328216173987,0.3868290264560393,0.5307281387563954,0.8031661372120209,0.20953911621888094,257,3,4.258064516129032
257,0.9042906006242089,0.5196853511308204,0.42170937256199653,0.5245781595007519,0.4026875173377705,0.5794675863712109,0.3583460299235056,258,0,3.625
258,0.43190568040373184,0.15854245919604465,0.19008097115166153,0.5280073726919414,0.3133786313421695,0.6905776003576121,0.6865767465792161,259,5,3.814814814814815
259,0.7876021880028361,0.3539259751961063,0.21583548866848684,0.5401126644659845,0.6259827463692648,0.5637926229444652,0.4638166817865734,260,3,4.166666666666667
260,0.7418814457149518,0.7331129478930563,0.3701978443220463,0.46309460998146995,0.4919140826219454,0.24583821359734195,0.6781362637142544,261,0,4.1
261,0.597995595828834,0.8001693635052227,0.41113518290514567,0.565324289863126,0.5178404881506802,0.34461601655276386,0.5621720951798923,262,0,3.2073170731707314
262,0.0986394245499751,0.5472651443970052,0.25809219739785827,0.7698894961427208,0.39725468756523774,0.4180858259906642,0.4978852459606192,263,2,4.05
263,0.2812200577623447,0.22776838303008112,0.2903200410250051,0.06514493359886325,0.716912161900911,0.5624874280953043,0.5012739680831357,264,4,4.190476190476192
264,0.5735311985236092,0.7076123475589543,0.20741356846366127,0.4219861977132965,0.5759796754280289,0.31258343721940385,0.3842562673216312,265,1,3.6296296296296298
265,0.9102325125851591,0.48467094384314574,0.5295531611075985,0.46809797208853693,0.24653572729864295,0.49632669092040216,0.6157885566962356,266,0,3.1875
266,0.13377260367379518,0.3914988464640078,0.2319410693750888,0.6227612145437883,0.27031935641559207,0.44115251559917795,0.516198983567318,267,2,3.9905660377358485
267,0.3662124535106977,0.4650645431543092,0.38949390155007685,0.6682070008322869,0.29126877579338245,0.34608767690696207,0.5232037717524533,268,2,2.9329608938547485
268,0.4022488243183099,0.3882703958262386,0.7556441489990774,0.24407453598697243,0.4315843365529126,0.3135384267327802,0.5730411019638944,269,4,2.8502994011976046
269,0.5046683043816234,0.6001968131588818,0.04079610592914146,0.29857583477625776,0.5960668323029947,0.6188415036040233,0.5406520883748401,270,1,4.291666666666667
270,0.21312289684718644,0.34122578762386263,0.5340022046372005,0.4327948861976526,0.5103792224075167,0.47499011462614,0.5085104159990207,271,4,3.5900621118012417
271,0.3401600264113984,0.1869654692649506,0.4098502914835002,0.6060223265157156,0.8725764697769618,0.42425504295398486,0.1466178741716655,272,4,4.387096774193549
272,0.8470981235589055,0.5595910569180741,0.421797212134924,0.5572562638441017,0.42508448846435604,0.3916823478089884,0.4734127280495222,273,0,3.5
273,0.4372786542623024,0.8306588321246743,0.17325130841587633,0.4923230191584995,0.68726054226653,0.45789579078069437,0.5076905466467587,274,1,4.0256410256410255
274,0.49472760687555956,0.7609648224501337,0.4349710443051051,0.713579607821932,0.4213570765263617,0.45668221749019805,0.6128474460197899,275,0,3.0625
275,0.2183963343269743,0.43292229797802156,0.5425459393494503,0.4992590731376441,0.5356000688471325,0.38211589377227106,0.46900432859122176,276,4,3.4160839160839163
276,0.6604590250406116,0.6781863010384984,0.3982493557287359,0.39037938177076587,0.3169627402866304,0.4155705178509011,0.38158624410038106,277,0,3.2857142857142856
277,0.44383420638362236,0.5328510092832118,0.21280198408826895,0.30829897043558574,0.48461705007635414,0.1296141709485778,0.6386189206669073,278,1,4.166666666666667
278,0.3110142163758872,0.5516167695591232,0.5268911634640201,0.6327894116508338,0.47283814122289286,0.3793135854379466,0.4783306799398115,279,4,3.173553719008265
279,0.245711204790094,0.5295274861656462,0.3203515569052864,0.6052390606046026,0.3331280618690481,0.30836838527405674,0.5368826070742956,280,2,3.653061224489796
280,0.6597123341624616,0.6640766255201314,0.23480265829970912,0.5256235326437269,0.6811571148696163,0.522106331994888,0.5470157953104899,281,3,3.294117647058824
281,0.7680824671796428,0.5011165850865985,0.30396112384242824,0.46969808521914885,0.6070434525666012,0.5225282639437616,0.812555319592173,282,3,3.4
282,0.24219201353856784,0.7771803228937234,0.2516779568394516,0.7783866121011851,0.4767275636631876,0.6401911331120487,0.6132770885005946,283,2,4.071428571428571
283,0.5993712033040217,0.23278799305030923,0.2311197709746318,0.4397161739225902,0.49151809241796485,0.3197942536862786,0.5782853517915222,284,5,3.6071428571428568
284,0.5570800336482992,0.07261474387523803,0.14217084561965165,0.4184786850875246,0.5050760434505428,0.45267417087423695,0.4845305470573094,285,5,3.8125
285,0.17557964672733045,0.659170389321086,0.5819687120999383,0.45248556967598796,0.6271486721366498,0.7162754144766762,0.5640628095565174,286,4,3.835443037974684
286,0.607091701150674,0.5777181850870673,0.16174011588189846,0.4228031050245299,0.5879533384882449,0.49969660780732233,0.31769807146290385,287,1,3.8571428571428568
287,0.5700273170497827,0.38182827612755404,0.5304468163146867,0.5221480255360932,0.6023098779672469,0.8919833459728933,0.6783687075493882,288,3,3.72093023255814
288,0.9148620959751835,0.6297614449782656,0.5426969113696656,0.5310232866525483,0.3345947703184246,0.4110850289488784,0.48594339055411234,289,0,2.6153846153846154
289,0.2795789018613143,0.6009128890947931,0.33186499767204825,0.6866363687658206,0.4084295761664419,0.34968725522425753,0.5121901779552562,290,2,3.4177215189873418
290,0.2162971466179885,0.5720704543840649,0.2700097183227857,0.6888995369576194,0.3972530955300307,0.41639517148010724,0.43476579037109525,291,2,3.69364161849711
291,0.17963741011715845,0.6698822252252605,0.5296532202047319,0.419084855015184,0.5351975788035301,0.7272942758577188,0.4725097647078919,292,4,4.142857142857143
292,0.2377362886801413,0.3540610720038957,0.6949503838242842,0.43647035340192625,0.5260190266607694,0.3941895123740935,0.5399718220929638,293,4,3.097674418604651
293,0.3245248730334232,0.8255039098710921,0.2908811251374395,0.5878544865081532,0.4159530830459522,0.49207160850280085,0.4658201024908393,294,1,3.5
294,0.07197201888924776,0.5097522887232515,0.22484555414395113,0.6939365148606198,0.39754227716205354,0.3601890607672142,0.42453810127829694,295,2,4.29
295,0.48069880366401746,0.7172882534377005,0.169462353155664,0.1463963025622798,0.3304148973485679,0.5980224923504162,0.25880157786595165,296,1,4.256756756756757
296,0.3968561689471366,0.317863930619227,0.4828631462515697,0.17776221418542254,0.6145564319350664,0.32415565690010306,0.487983081288293,297,4,3.4086021505376345
297,0.0904434640583393,0.5233527194050266,0.21208684753363416,0.7018560737611756,0.37066658403836217,0.4690746370849479,0.4476413148953855,298,2,4.1923076923076925
298,0.22311799548116806,0.36883377405397627,0.5614309343674957,0.5327408719835319,0.44437660398496465,0.4757110722929878,0.48722432572393143,299,4,3.5064935064935066
299,0.9663134713809316,0.5074777672642857,0.49505351995513697,0.6815202378744949,0.5671539952402754,0.2967132275030691,0.7580328333929026,300,0,3.75
300,0.2694521464023748,0.5539273960353513,0.31059508946810493,0.6972484109942653,0.35426685008236247,0.44051274121716666,0.47633390444492607,301,2,3.5894039735099335
301,0.8518576979322623,0.5376955269536822,0.47462598542686923,0.44084744318275904,0.3449678487666183,0.5486279381059311,0.5481847320754876,302,0,2.5
302,0.1698142768206818,0.389234950346763,0.5884699817489114,0.5637253693846447,0.4370669484080811,0.4259926379977523,0.4620809645582909,303,4,3.3659420289855078
303,0.8747640359385243,0.5431418798505757,0.4694839051201848,0.5969806483426013,0.45805543776787117,0.24477844543793764,0.6174330952813154,304,0,3.4615384615384617
304,0.27310358341148283,0.42626592943550573,0.6511741140738008,0.273482714179309,0.42352322268485926,0.5216470903918414,0.5593795718039335,305,4,3.424
305,0.8750118844491724,0.6276006331027592,0.4664000445778758,0.44462741533525,0.37724796434430075,0.6094589692687762,0.52982466665464,306,0,3.333333333333333
306,0.3572700830993021,0.7786720695204017,0.4542322005915431,0.31348087492380383,0.672496903473782,0.47784340022780897,0.45341033509280115,307,1,3.6666666666666665
307,0.09674999488934738,0.38541052329912484,0.5737900112060069,0.48113861082873943,0.5778122834630366,0.4396024443988757,0.4613331104581569,308,4,3.834862385321101
308,0.5695464710334691,0.6756674731410808,0.21870709240444616,0.2262490337707478,0.35478162332011076,0.604564217774518,0.3275373688280798,309,1,3.8181818181818175
309,0.8587520126491703,0.5331398713621766,0.8492515286391442,0.3941871594292471,0.6551281166789973,0.6892286024556487,0.34180998501214793,310,0,3.0
310,0.21249006203492088,0.6830572020491076,0.6541389417644505,0.5459014378787093,0.639401132743164,0.7039642021329507,0.4840485423603458,311,4,3.756756756756757
311,0.03710430045823582,0.2834687172129835,0.403658453607959,0.22928294799424914,0.5175627366352394,0.5782032097698994,0.5051251604718534,312,4,4.484615384615385
312,0.23741991044945693,0.414843717319864,0.2517815053237108,0.6762205568281635,0.41691994121675197,0.3513082009566387,0.4848418313520538,313,2,3.647058823529412
313,0.25709525875214145,0.8159561375798099,0.274169364104178,0.6098441308929476,0.4012880668961383,0.5684353411412374,0.48848762859218325,314,2,3.6714285714285713
314,0.39930383985161405,0.11373341709682,0.461100958734903,0.316035830196259,0.490885192072759,0.7637770374122292,0.6129623579797516,315,4,3.9777777777777783
315,0.6752034320455859,0.3571801933375176,0.4630567582000005,0.6785851769830276,0.18712194615523525,0.4778274981064029,0.46302719291624395,316,0,3.113636363636364
316,0.6750926373223215,0.13650704008942516,0.18503424278384242,0.5634916624671695,0.6190593324828447,0.43170821893477596,0.4039787873756618,317,5,3.583333333333333
317,0.45276593070370263,0.7449294455410995,0.27391005136040913,0.5671219639562177,0.6057558263141178,0.4115264799374362,0.5135594689934753,318,1,3.6875
318,0.796161925240479,0.4611057683328049,0.3152445700247753,0.5778699472143962,0.5796339032711209,0.4250826746336519,0.5326370914869747,319,3,3.25
319,0.28961207384258203,0.41882260206112654,0.2119682346805093,0.4911548224359599,0.2518911217268561,0.4629697899057041,0.5335486464844108,320,2,3.734177215189873
320,0.18342789526913117,0.49118841818814657,0.584848147246905,0.22020744515998847,0.10720550688780062,0.5562177782677027,0.3950703985158142,321,4,3.8194444444444446
321,0.5338178265472749,0.0,0.37577464977304814,0.3780603277040401,0.7893942747744478,0.5621068663320058,0.2935661317767666,322,5,4.222222222222221
322,0.45113980441797213,0.6903761152007142,0.38036280857960203,0.15542195580208112,0.6172004319650222,0.5344072358843512,0.4397103292180072,323,1,3.636363636363636
323,0.25674944832904933,0.8449770560287391,0.11833964452242307,0.5235392194148621,0.71748220740085,0.4568033087477499,0.40772694049945685,324,1,4.3921568627450975
324,0.3578218927531961,0.45341626084429304,0.4618871867474098,0.40797038518131185,0.5797732347437343,0.2625372809904529,0.4621939136068364,325,4,3.3552631578947367
325,0.26746497374330513,0.4355687261358859,0.6158254976236452,0.5042477089001256,0.5181228880349356,0.4617746811404638,0.5241012893088093,326,4,3.221238938053097
326,0.26901563713176857,0.5203597856942854,0.6091789643732513,0.48284956152426345,0.4070930314401842,0.45666733019960665,0.5648455027114123,327,4,3.28
327,0.21172173513421927,0.4713702690780104,0.6080526260288933,0.46441008025877806,0.46731539589800053,0.46972420734198056,0.4721739027669494,328,4,3.4082840236686383
328,0.39365005140281806,0.482629651756497,0.2957877745670025,0.5029586849940628,0.4825111829316648,0.20581452990835952,0.4181291216734948,329,2,3.2972972972972974
329,0.07030403785946071,0.736729401901875,0.5529027848019163,0.5353406071094037,0.6590424417055304,0.783851351727455,0.4538310840609475,330,4,4.447058823529412
330,0.42101126400368627,0.19959250011885465,0.37981369470740073,0.2396194055303847,0.6149657702231237,0.40977312122192633,0.39773345154370066,331,5,3.65
331,0.19054040651269977,0.38418126459071616,0.22758436226801348,0.8316329028283567,0.4263228910174463,0.37288414293890837,0.2602620070491226,332,2,4.137931034482759
332,0.6401566243115776,0.42190360081251416,0.3649192814670701,0.5229069156068119,0.09799064805667296,0.8766681421039537,0.5906895064330263,333,3,3.7857142857142856
333,0.1398368557109672,0.41620434167502784,0.6712337386351078,0.6319411588596942,0.551130805568737,0.4291218530486489,0.4167853927138356,334,4,3.5321100917431187
334,0.8082691369644045,0.3112940879749835,0.249648827041713,0.6216565890269315,0.670303511691924,0.4814028390588803,0.6508173969495771,335,3,3.615384615384616
335,0.5275631308809936,0.7527357403549914,0.39225621331252875,0.7375677168640232,0.4499513940405367,0.573089310818835,0.4960394990020231,336,0,3.0117647058823533
336,0.7888974152665171,0.7107586935885697,0.3649398835839305,0.4706641334227632,0.3962758710888316,0.5292785779949448,0.2026879575897726,337,0,4.047619047619048
337,0.42895339997419274,0.42149673870696414,0.15947031752739813,0.34153356565446247,0.5306277533811643,0.19622682306726974,0.40810801393435353,338,5,4.121951219512195
338,0.08994149578935051,0.3613935794393628,0.563936309395844,0.39818026690103775,0.5675161352370854,0.49826672889710494,0.4733351077396134,339,4,4.063291139240507
339,0.5516278762695072,0.9999999999999999,0.34306250733102167,0.16357884990647942,0.26981122113072864,0.40185703816954715,0.4828950497305703,340,1,4.111111111111111
340,0.6966146158522155,0.16780158055436128,0.3551249394768358,0.5661729017008054,0.42631944612468187,0.1086254053721688,0.5107046819998,341,5,3.6666666666666665
341,0.20909730138165672,0.47836283439638794,0.6464971456618454,0.3510130705078826,0.7463660106630815,0.15136226386127377,0.5109977938393591,342,4,3.4765625
342,0.18116003734615127,0.5428770904075807,0.3554540145632112,0.8279314053459608,0.3042947741933539,0.3997504554641812,0.33051269232444125,343,2,3.9872611464968153
343,0.22312268301678706,0.33847717157634916,0.6077663620846816,0.18256701202356407,0.3905696132568188,0.44376115089803325,0.4196596932340385,344,4,3.6972477064220177
344,0.4142255591883439,0.622896014497304,0.18644500464027164,0.4070655732505363,0.3798889347807155,0.6183669443393418,0.588120148444936,345,1,3.664179104477612
345,0.3715667977659752,0.39351531242590887,0.4104367851280053,0.6934587828846922,0.36927479879963315,0.5399343475204232,0.3908734692347371,346,2,3.3283582089552235
346,0.30753864097968936,0.7035891661652778,0.31775607807036954,0.7309267158375446,0.35120219608592446,0.6183534717983439,0.5660392471552091,347,2,3.603305785123967
347,0.4887620700459468,0.747731799072596,0.1364641794854268,0.2957549426173166,0.6351298574437008,0.4150826510577285,0.6066134981615963,348,1,3.7741935483870965
348,0.6994982703083039,0.5432482852841938,0.6250868597949046,0.2549297385266345,0.407787936331205,0.5254091735441767,0.43146489382909115,349,0,3.3571428571428568
349,0.25500002511513187,0.25547404165913556,0.08746774278129366,0.5267258859870875,0.2726893387877344,0.654476756999143,0.4754662656222851,350,2,4.4
350,0.4542159634027518,0.6692914047400995,0.11633709921322033,0.20176456100166867,0.48332215565504627,0.5013067672387677,0.517331883162097,351,1,4.133333333333334
351,0.6834023035102725,0.15472062457588853,0.21463890040716474,0.5052470987462948,0.49500667570385226,0.49402013613756934,0.2636145784061746,352,5,3.7931034482758617
352,0.8767002707111027,0.4187926225005391,0.38148645499540335,0.5679017012561591,0.48722920015265697,0.5196001875638425,0.48944534890231217,353,3,3.2857142857142856
353,0.17811743187551576,0.3989085196855757,0.5635034413735831,0.5790123011532778,0.4898122180500427,0.48607023928537973,0.43405799532367134,354,4,3.717105263157895
354,0.5672957218780216,0.38155073697825737,0.3854201542559073,0.21333446865862543,0.7980607724131692,0.7887188006059709,0.6779105558062921,355,3,4.1
355,0.7163729212021226,0.33297968444500814,0.4830342246645343,0.42957270547966425,0.8663243534913476,0.6860048760359807,0.45794857289399843,356,3,3.466666666666667
356,0.4005247656509023,0.7874066307826224,0.1760144094658813,0.5010410919317337,0.638660134105802,0.42742880729191113,0.4036298583968157,357,1,4.057692307692308
357,0.5245552939980169,0.849048241071072,0.43267865830440444,0.6531276989830156,0.5677569697282425,0.1651458550970391,0.3258681305454193,358,1,3.7142857142857135
358,0.660302157190671,0.8672463218135871,0.4527383835318595,0.6493417747758711,0.5434705464654087,0.46535357759720863,0.23197730017425727,359,0,4.142857142857143
359,0.24099580105704405,0.32731045882870835,0.7256243338745387,0.7008866465941388,0.29611495314173053,0.5137170833188103,0.14015750964296514,360,4,3.971014492753623
360,0.5191775737102375,0.13508682345005185,0.44846971932296736,0.23977509324110602,0.660354827708195,0.6120737941201412,0.5011881649744663,361,5,3.756410256410256
361,0.7700282818738038,0.060290963588246205,0.43842644189902896,0.5044712411978186,0.21381651896702003,0.2813801045891361,0.32852691986455423,362,5,3.2777777777777777
362,0.36262820973396925,0.44453226728079237,0.47665611807887726,0.5205997040166949,0.4556012606264296,0.3141381626227938,0.44454625797650654,363,4,3.0861244019138754
363,0.717209428876186,0.2190957599340414,0.4882880305831092,0.3899219605899845,0.1170802821892008,0.21531865381378013,0.5334452965027714,364,5,3.3571428571428568
364,0.5431366760980304,0.7500787214572495,0.21632615598979946,0.3481071848154514,0.567458618134134,0.3417674650644787,0.6020361087097549,365,1,3.3684210526315788
365,0.8194742785873492,0.4359194883676535,0.19468387334124926,0.599993485719313,0.7191578856701302,0.6145571456604233,0.5611467451301562,366,3,4.352941176470588
366,0.5983393575093944,0.057116845451580966,0.09602576304633675,0.5214368751091423,0.6201931995143223,0.4746691842080661,0.2874497576253281,367,5,4.114285714285714
367,0.7293195699605364,0.24547907697382515,0.24228470168388372,0.5565627666423704,0.5741095637328816,0.4557685103982734,0.374809277350512,368,5,3.3125
368,0.7954360395343909,0.6262337323631335,0.2999156783720739,0.46867828171218273,0.43965090009779495,0.6456922405184227,0.18360542027393295,369,3,4.0
369,0.1442679199924199,0.44811251872140284,0.2332226801168708,0.6893223322318116,0.38549928646653453,0.4092616095802911,0.558691831382561,370,2,3.678571428571429
370,0.25215915119898324,0.9226737811049972,0.30786637553024776,0.7449663288814744,0.4609355710511228,0.5724387721067952,0.5848578204618953,371,2,4.102564102564102
371,0.6595906413400702,0.10012024900878636,0.16124222861019627,0.557530429307134,0.6179404818814243,0.41222383780664895,0.41815144116470626,372,5,4.227272727272728
372,0.2374853182123966,0.7240511091688975,0.6239890619640677,0.3739333497154762,0.6250401065841007,0.6289007482401634,0.569612479958461,373,4,3.717948717948718
373,0.2727666540418714,0.5185121297204919,0.6787961180537827,0.4666191020944231,0.5442048161877713,0.6040082331033829,0.560694946265094,374,4,3.31958762886598
374,0.6906847518132341,0.09816654021734922,0.22281661472951617,0.5865250410568149,0.6135236048916022,0.3121829451294642,0.4758657249457316,375,5,3.9375
375,0.707371858365626,0.42774724429178784,0.1814595967035037,0.4260708532786323,0.5753139599295359,0.6926587793929566,0.5385114724478544,376,3,3.636363636363636
376,0.7623402897738454,0.3767916954280396,0.1620679752429492,0.5500664713389061,0.6845336149318141,0.6609157718309808,0.43097680668662597,377,3,4.0
377,0.2633628778021785,0.5151900450273619,0.3432289366575668,0.6726731228166433,0.3190869687257323,0.34680522421970045,0.5108667078181693,378,2,3.4053030303030303
378,0.07114035326714202,0.39362664115407,0.49380902954580785,0.4914554482650823,0.5338533530000726,0.5012323472926982,0.4383167627796139,379,4,4.014705882352942
379,0.247592133357412,0.39696080980878007,0.649156236344224,0.48320090918781083,0.44532847205394077,0.39600783218890234,0.4500763092003341,380,4,3.1637931034482767
380,0.35005250183523384,0.42498681637525626,0.48724169609448065,0.09967974189120671,0.5645723793308082,0.3378912494331814,0.4345018684022153,381,4,3.7977528089887636
381,0.6675861669688683,0.50723098422355,0.42628947939478695,0.6455900478217548,0.14312099628247466,0.6645938723038739,0.34221106088416076,382,0,3.5454545454545454
382,0.2390960210669365,0.307048309600268,0.04034194858990248,0.49290491356296157,0.359575179582157,0.6500538586595594,0.5515217881308605,383,2,4.4230769230769225
383,0.37040268036277363,0.4486594505335518,0.20629760166604175,0.1277956883482001,0.20861830977681362,0.3293097745897761,0.27596571579554124,384,1,4.1875
384,0.2668035866717149,0.34794863968581335,0.6242171754883583,0.51668482540271,0.3887393950649698,0.38074224629994635,0.5108594390516326,385,4,3.3069306930693068
385,0.7010509518168527,0.37342050359206214,0.41114642627126846,0.7377901498587995,0.17312726412957885,0.864748740983408,0.3893824838925308,386,3,3.8333333333333335
386,0.25103243462875313,0.3786451051961582,0.6084054377101205,0.5555509003987471,0.5183056605252928,0.39883078288990736,0.40042708754103906,387,4,3.333333333333333
387,0.2970999712054372,0.415698702739004,0.07129123797229514,0.23245940435220763,0.49818215536175176,0.227057012933452,0.45189730320157817,388,1,4.119047619047619
388,0.11060954354833458,0.3882799618786501,0.5268223397776146,0.5043083668491365,0.5278884514986473,0.4612786257963349,0.4498084767006938,389,4,3.707920792079208
389,0.3337137563248366,0.4868209465848691,0.25839066193542704,0.07891363481947994,0.15103272549458835,0.16340910058427138,0.34281818803170294,390,1,3.75
390,0.248814604092903,0.3813107375485783,0.5089517696468895,0.3229666637393399,0.383316343315923,0.6295456436766915,0.6135172679723585,391,4,3.7578947368421054
391,0.15262066442784672,0.4186611447080652,0.3831701728473171,0.2472769266397762,0.33788991508526234,0.49889744855543844,0.536820009422031,392,4,4.0740740740740735
392,0.2730779609400308,0.46695026280172985,0.5079418930751761,0.5817789055489399,0.43298707775978423,0.46463603298222605,0.49898308058690133,393,4,3.3396825396825403
393,0.18419300151356455,0.48962065084971823,0.25745196583471086,0.6072255359547774,0.3731278858543915,0.32388950893205093,0.47037907353016944,394,2,3.8080000000000003
394,0.17064531984062276,0.39023194452726295,0.28258682232054,0.7888743732736677,0.327190309102648,0.4686317884218069,0.42884871926943363,395,2,3.8260869565217392
395,0.5108576674863466,0.5021061895678945,0.4207106637388048,1.0,0.5108911259654701,0.4990610143227356,0.3043116062998672,396,2,3.3076923076923075
396,0.1700905410433503,0.37780897176470424,0.30121566361092256,0.8223891129043043,0.3461643368984805,0.44222593528385745,0.4215689361580276,397,2,3.8375
397,0.20742081657025135,0.5434391533596132,0.2593730083631475,0.6189609881480996,0.35580632683985025,0.40776150922213655,0.5459805638681927,398,2,3.6230769230769235
398,0.3277611660907951,0.4574202671658502,0.6334230363955246,0.5639659010860611,0.404451993955158,0.38968973784561467,0.5087917491007687,399,4,2.92
399,0.7148263732305513,0.5695654687134545,0.2197251665341897,0.5337230553838843,0.6420728654371013,0.49796492753550614,0.3701251176434039,400,3,3.647058823529412
400,0.4099494643261462,0.3869468907184893,0.40878810148654343,0.59937121425837,0.350338457627251,0.45004263632704516,0.6710422836980408,401,2,3.1150442477876106
401,0.2725871205117276,0.7341619706598799,0.5191416684406256,0.21794283172262613,0.1503297527591192,0.7734035844691799,0.48295052959669943,402,1,3.8333333333333335
402,0.5085346575406727,0.6819337137763137,0.24431908199072122,0.6907420772535189,0.6657495662352858,0.4520520632895749,0.2054007319175219,403,1,3.638297872340425
403,0.614883236595933,0.292734037016613,0.27382418150085475,0.47152939869769395,0.4305308558769008,0.2817266695782348,0.3579568023915509,404,5,3.25
404,0.6108851715745325,0.5550851381921185,0.6446423154778638,0.554717502178045,0.3679882177512665,0.3273321061321211,0.6489786097808237,405,0,1.8487972508591064
405,0.1807640881943272,0.44412520143019296,0.581310130594832,0.5251279339545015,0.4772769752402446,0.43256149705086,0.44739227142728927,406,4,3.4744525547445257
406,0.21568646583886603,0.5078463945860676,0.3128973577495898,0.6944486580608192,0.35553130849104964,0.3557328550986137,0.4938423964812933,407,2,3.4787234042553186
407,0.5084511412029808,0.16421582945748187,0.14265042594453511,0.35334655891264305,0.49838821151159496,0.4131162801627542,0.6116281387293409,408,5,3.782608695652174
408,0.3082228846733962,0.30069003018815654,0.38188383423469546,0.44542404933408486,0.3414976827123532,0.5142856648582846,0.5400011983583136,409,4,3.7032258064516133
409,0.7134986810073934,0.6712800085578234,0.45316661118614643,0.32249526120878536,0.2363535228373146,0.3430397738850436,0.4665859167486202,410,0,3.0869565217391304
410,0.2718007138343622,0.42916135543566786,0.16381819869164355,0.385760314643115,0.2930753052512199,0.45967901643762205,0.5712994203618914,411,2,3.74
411,0.5367502820623016,0.7741184088830766,0.16342889557631782,0.29832000916375945,0.5689429109135157,0.47785390504755026,0.5701750666563858,412,1,3.9459459459459465
412,0.6734830079826356,0.3862090030568782,0.23537718852308484,0.37514443216701543,0.4767919343594207,0.6207239983274989,0.5207199484873352,413,3,3.675
413,0.672270186426988,0.022574770229295882,0.2378444957254299,0.5397110459484562,0.5149849520227885,0.30069942778599945,0.42410890760282344,414,5,3.954545454545455
414,0.4183229912332612,0.6991829921110178,0.04062888516391411,0.2185901281231714,0.5740718725614046,0.5481064561333154,0.4548743329807864,415,1,4.285714285714286
415,0.11988323552100855,0.33093357136004653,0.6014805844169235,0.47928284780170866,0.5437720812091242,0.5228891080967615,0.43825479843415616,416,4,3.8513189448441247
416,0.2798239720613733,0.4576276176051196,0.4905014540887087,0.564153214465708,0.3727399020734635,0.4141585181744983,0.5105333535802125,417,4,3.2343234323432344
417,0.8323315936939942,0.31036029544105015,0.393742412458931,0.682176121342128,0.6521794569461409,0.2916922554901726,0.6552043381768873,418,3,2.8666666666666667
418,0.5057034990771397,0.4555479350873037,0.2420443867305409,0.30639054482101014,0.2986043359975497,0.32291869198036893,0.07324973411520042,419,5,4.172413793103448
419,0.413335907949986,0.2450421242678224,0.12304351286326881,0.23908052692890974,0.4261261821782128,0.3719198218652351,0.4664435537013299,420,5,4.21875
420,0.5711364634309888,0.24742293235744733,0.19509687314252194,0.659797030817957,0.6370766939092289,0.3911678828174856,0.273303843338178,421,5,3.8181818181818175
421,0.5062965574631648,0.5921495969820048,0.32813866734227304,0.7170140708141757,0.6224614714812227,0.25318715211995557,0.2860440639440145,422,2,3.4125
422,0.6482062403918758,0.3250836258817774,0.270423699937582,0.5217887252473574,0.48189462455181925,0.29474331206001936,0.3215619045084468,423,5,3.5294117647058822
423,0.441254286921173,0.4967569399311781,0.5040135530773545,0.3324931367702463,0.34829710013441956,0.7250249549187429,0.5952719812720683,424,4,3.3
424,0.4800601812261339,0.23422104186724235,0.5400752057301385,0.43870430343039307,0.44781378141247663,0.4294841247951236,0.5241000420223234,425,5,2.943820224719101
425,0.3042991292266688,0.35480158693629515,0.1884834019718503,0.44560993493875034,0.2925740045711267,0.4154337166125591,0.5170082363179878,426,2,3.816091954022988
426,0.3441784274259461,0.7495906372593535,0.0,0.16150550846055822,0.5901402930485632,0.4895665318303911,0.5443968617227232,427,1,4.583333333333333
427,0.2778917831028934,0.503306777773725,0.232101925578365,0.5208156403661259,0.5187572008409659,0.16046901027237997,0.45014694561923974,428,2,3.9375
428,0.247100943800105,0.3735926774057924,0.5597933487458399,0.5374050927490097,0.4345991258619642,0.47917298072175646,0.4938948772193778,429,4,3.370879120879121
429,0.5418550922825998,0.35515863105765216,0.24056958976099396,0.4473989579466925,0.46880074082867695,0.19524435090122305,0.31650475019754515,430,5,3.5081967213114758
430,0.7764847338740952,0.2091037676321375,0.33867583813340396,0.5756447326321035,0.49170192082154596,0.35480704554442766,0.4849279622838173,431,5,3.2777777777777777
431,0.6606518657480585,0.563240796823936,0.19826255119528238,0.482216178380882,0.615579260740551,0.4538593717209703,0.40033631694077726,432,3,3.6666666666666665
432,0.4163687502224627,0.33034365827567447,0.3570332117339459,0.5045567916034787,0.15346917572921553,0.40747120458847247,0.5388157953576345,433,2,3.45945945945946
433,0.522955785246406,0.9216110933798204,0.36499775444301163,0.783032435358332,0.7162004951566486,0.2726701022919017,0.32242301985276856,434,1,3.731707317073171
434,0.2942136251281139,0.4184006724820003,0.44863173060386974,0.5537891498663268,0.4007143492383772,0.4799039502671975,0.5214708109867153,435,4,3.30835734870317
435,0.20903266798423764,0.4896846925100464,0.29886382900384123,0.7498798136940096,0.3797508016992059,0.38447766242560066,0.4388559171448339,436,2,3.7460317460317465
436,0.2076316685694587,0.5095512764954847,0.6096326868274912,0.5303737343023537,0.5940524956900045,0.4040523533968097,0.4635030371449382,437,4,3.571428571428572
437,0.62560798848628,0.8291285212530297,0.31148638691871655,0.2813051189656993,0.34367200641811657,0.4810003095990406,0.2920677204248634,438,1,4.068965517241379
438,0.7358377905129811,0.5194696901579621,0.279856852850705,0.48279259016326687,0.5779072722470714,0.48210109435313003,0.4777401129340828,439,3,3.7142857142857135
439,0.6662053802942168,0.5196475486441647,0.19610800030791478,0.34755040076612387,0.40405557617943794,0.7350821730493523,0.2131622293106121,440,3,4.145833333333333
440,0.549362128849721,0.7352119945482202,0.24409621685016872,0.2684038159469327,0.4326951618564394,0.44301640723392155,0.4319488740913572,441,1,3.5
441,0.4832933118749036,0.27075501136831803,0.32054070550212266,0.5172697629225858,0.2563749754400899,0.504027689901968,0.6825484886194981,442,5,3.1451612903225805
442,0.7671811773387344,0.33382451533637286,0.48742593670689255,0.4785858984624413,0.7520281600267884,0.5890056776992056,0.5232982646776789,443,3,3.375
443,0.8032195072720132,0.36729332528999875,0.2522879364926253,0.5468046356474965,0.5844531211968267,0.5912340516114798,0.45765377838738164,444,3,3.7142857142857135
444,0.5941314199778198,0.5840561346249319,0.6942644548011967,0.3961270696854813,0.3116436015466304,0.32910568456684053,0.6391895482309937,445,0,2.0081967213114758
445,0.731171553298939,0.2566872309601635,0.36945656989885695,0.46216365163735135,0.4250956837137209,0.34974213048146974,0.6372654088503871,446,5,2.7428571428571433
446,0.17815772046688017,0.3692632220611835,0.6302275287047456,0.40469501125629337,0.48706801676106526,0.5153363043806003,0.49999609187201843,447,4,3.5748031496062986
447,0.46021037913539453,0.24229478783796934,0.5719872773581036,0.14636177923748594,0.5284532643634048,0.4731221193923873,0.47068270074551355,448,4,3.3714285714285714
448,0.43261720180036456,0.7083691579262601,0.519789946541826,0.46763701924764334,0.7122999469052245,0.45925149388746966,0.43625985320929844,449,1,3.7462686567164183
449,0.16058040373492777,0.4793384334259287,0.4285216740926692,0.5526457441279561,0.4748211366553619,0.4652888998759579,0.4708430781915994,450,4,3.858299595141701
450,0.6036048604713544,0.3808912695377562,0.503064534687401,0.44014743222633157,0.6258760425543122,0.401447948542095,0.4720719209771725,451,5,2.7362637362637363
451,0.18394097932732006,0.4074194565831607,0.6833982462678846,0.6523005765147101,0.6375803410587316,0.5232637880332511,0.41254900334330347,452,4,3.4387755102040822
452,0.3738874220948054,0.6858777721511462,0.6538283701031188,0.6157212071598684,0.6137294820605602,0.6214890544451479,0.4616273542339109,453,4,3.2751677852348995
453,0.35245677643110834,0.5406320580181584,0.6927743921938189,0.5554561991348939,0.5398584424709479,0.45838763934131194,0.4893146790129529,454,4,2.973333333333333
454,0.21162027148649482,0.5818650776111501,0.3464841241287133,0.8392244308718941,0.3878769022721762,0.43285801845109423,0.49217572129280956,455,2,3.5
455,0.2641950004669179,0.3887631368726805,0.5906546876354869,0.44689820353256693,0.4648842098948239,0.4887167373701895,0.5161920846079635,456,4,3.469483568075117
456,0.008624835611975745,0.4331929754287976,0.5703213072488531,0.5000729979141592,0.5560829824214257,0.54771202851095,0.45391503308714654,457,4,4.026022304832714
457,0.15959421098663196,0.38126683789386906,0.5614494924459208,0.3919218654991683,0.4809899980056342,0.40277354267260523,0.5152361958000279,458,4,3.683333333333333
458,0.4496978093415622,0.7743888680126878,0.2579078519010368,0.523935856429379,0.6278814618557743,0.39534068109255915,0.5329904381147387,459,1,3.3846153846153846
459,0.4524124136734166,0.2759594492764995,0.4818666984486771,0.18922121519305202,0.5292361977764326,0.37630861140891986,0.5333556083476511,460,5,3.417910447761194
460,0.6113928970114464,0.37809010190931347,0.39397035362496546,0.48858853929371443,0.22963278258400843,0.47721004470987805,0.48504825823627457,461,5,3.0
461,0.5864391961964253,0.47959728446094724,0.12950742489081002,0.34084959366341716,0.5526077622203365,0.5686002769075162,0.6859049688381295,462,3,3.96875
462,0.45425659766423243,0.2391166638384008,0.6805516243503891,0.3924806727429105,0.5167790425497265,0.2858012568496521,0.3242283802218532,463,4,2.8646616541353382
463,0.3242842089101934,0.2475276723677928,0.13465216842054256,0.5121899615537838,0.3260878889006515,0.5608093412365941,0.5833183028354366,464,2,4.037735849056603
464,0.3368137464651053,0.5277912697799066,0.6038749020074405,0.40015359558712604,0.34234698012138287,0.4746498437373512,0.3446165736042231,465,4,3.4375
465,0.4603373414282069,0.32741858360281717,0.27821399634073707,0.6056426907524977,0.3681491857616073,0.47703515883406145,0.4798240745938009,466,5,3.4653465346534653
466,0.40318311949760977,0.30871707080766303,0.5320746761892662,0.23225186093261552,0.7289625141064923,0.30072018272019796,0.29945796425886806,467,4,3.6818181818181817
467,0.12466981391657311,0.5920528060550627,0.22480653858812488,0.5950513138416741,0.3576442746195606,0.4223095407497858,0.5205119361324799,468,2,3.993006993006993
468,0.4296591028244558,0.12337437160851755,0.20415062438248738,0.4420336747137226,0.12302749058996065,0.8103408554590881,0.38722852584890677,469,5,4.5348837209302335
469,0.5213994970616422,0.6279797043979564,0.37301279003786675,0.24586403611070243,0.686266834773901,0.5286541749524551,0.5288129134983348,470,1,3.5789473684210527
470,0.6877523476762446,0.7373718065732682,0.40720387479505515,0.32648483223087665,0.34511560757720694,0.45913634340650683,0.35816666290003063,471,1,3.3870967741935485
471,0.23898914481504657,0.6960811325205923,0.15721102137623225,0.6834342499174588,0.5010600593263921,0.7066078736538142,0.4988715873946862,472,2,4.228136882129277
472,0.5897378831029869,0.14677320994552223,0.5369480524549465,0.21307414659630897,0.4806265855636657,0.6458562627075637,0.3521231846704209,473,5,3.914285714285714
473,0.07516285251788463,0.40479615033734867,0.4802787812572985,0.5125034154977544,0.5374454763922394,0.5359406026751988,0.4051291829448755,474,4,4.08256880733945
474,0.6633690812013221,0.36692654634420097,0.27943865991785616,0.44042124651995446,0.3364112747712229,0.4594827216837473,0.1379866077641126,475,5,3.6
475,0.4917185314693421,0.5202125956622293,0.2562114356697524,0.7728422213854074,0.5510148907492385,0.6758444410991269,0.5607113352467205,476,3,3.3734939759036147
476,0.9042111420963728,0.5989972405288285,0.5423798633950329,0.3903143060897116,0.23975913260129258,0.4443073062889158,0.8367825344233025,477,0,4.457142857142856
477,0.34972672865220467,0.4695044534611285,0.5508374139454395,0.3174606966249355,0.4741407324544684,0.39331727348001466,0.6042063094681087,478,4,3.4159292035398234
478,0.2633852547448977,0.31150221060507993,0.5446571604537493,0.4532803483278954,0.5308487604045725,0.4405532432092208,0.5082359585039804,479,4,3.4207920792079207
479,0.23974881799218428,0.4941593453398423,0.22427021022455543,0.4018020570009978,0.19952043495787258,0.3822664244911632,0.5018848273499616,480,2,3.733333333333333
480,0.26782666518099274,0.4534881203358964,0.2825335589691794,0.3806955724488055,0.0,0.5901925259107462,0.3674796942727966,481,2,3.9821428571428568
481,0.6782512037456064,0.5065815464431034,0.19683419696367788,0.4143504527990238,0.5485337509343685,0.6174536091060736,0.5150317902902677,482,3,3.4230769230769234
482,0.5680282803815996,0.6663248358666347,0.38352176054013026,0.487055721696165,0.2831314532121653,0.5433252828251164,0.5785755671339913,483,0,3.0508474576271185
483,0.18345441108783728,0.5131573492511414,0.24546511120717723,0.6574585607680948,0.369465104038482,0.4340427842730612,0.44625572708433026,484,2,3.992805755395684
484,0.5519394176254317,0.2990022582713826,0.403842447734391,0.36710390944294957,0.2595624046367674,0.0,0.6349938240249813,485,5,3.0384615384615383
485,0.43216628046832295,0.3801763888058086,0.5850692850011034,0.16927871376750053,0.6277211320739855,0.3431977884555557,0.4898271053948532,486,4,3.2222222222222223
486,0.5546126776609803,0.8028721329378379,0.3937163434983957,0.3085673674205421,0.5896030634753342,0.35892241182990864,0.3211934605470693,487,1,3.9032258064516134
