,0,1,2,3,4,5,6,user_id,avg_rating
0,-0.864175170937417,-0.49495248832392946,0.5466949465973506,0.058978522396059684,0.142876384876317,-0.005280999819653995,-0.02464196835948669,1,3.6814814814814816
1,-0.28894724891583723,-0.20990714533604024,-0.4532472635910905,-0.4209178949000317,-0.11626814931961649,-0.5372148595352659,-0.15099315584151607,2,3.8
2,0.5417137794873786,-0.5177946298412748,0.6752296723020823,-0.38190652502800937,0.3496008398092786,0.2820449015656704,0.05545562467738792,3,3.0
3,0.318948557124915,-0.2713626724038142,0.39797887974834956,-0.7777554680433317,0.2025276754250541,0.872976661247479,0.033504277117485826,4,4.357142857142857
4,0.11024043153740755,0.3670951070660715,-0.2632647511875939,-0.29459734555979983,-0.09614780066929632,0.04885017318891177,0.14253870098425836,5,2.956043956043956
5,-0.648598166280435,-0.168061969123517,-0.27939369227053806,0.18499298032201733,-0.23965861314924097,-0.17527677391847088,0.2167845016692704,6,3.581818181818182
6,-1.0907134759022448,0.13722894273741132,0.3317933749681573,0.07726088535328074,0.2412408420683105,0.06486001066231975,-0.079763156546648,7,3.892018779342723
7,0.5524946854191491,-0.0514859517381741,-0.020188733430962554,0.3584495928499238,-0.44995971290616565,0.7373646047625905,-0.31067308671635874,8,3.6
8,0.9109191063464585,0.12245042621223175,-0.4063945446297325,0.25277586092021204,0.7197254520142579,0.2657348514978667,0.14990972465839655,9,4.166666666666667
9,-1.108092287193009,-0.4117586292758742,-0.03426064999783232,-0.35708620270559915,0.07337503345894018,0.18354974178373898,0.1633038794475786,10,4.212765957446808
10,-0.2588904742768744,-0.07725697397425257,-0.05672182565579966,0.8124856382204095,0.07894073418591158,-0.06385642241460754,-0.1019301889081846,11,3.533333333333333
11,0.44396007838471385,0.027462955876542364,-0.24913224209893853,0.13991059879360446,-0.3152783005285275,0.6938919479235393,-0.5843426347408266,12,4.28
12,-0.6281364044111668,-0.19199158855862938,0.5228863385469608,0.07790131997966963,-0.3095404257632745,-0.045918084747084593,-0.009558663454142063,13,3.136729222520107
13,-0.914864818008484,-0.20681772717627075,0.19217209992798942,-0.45746990803580145,0.6232125491024396,-0.23259656093220893,-0.3299635092716462,14,4.219512195121951
14,0.4566211570741761,-0.0796808073043054,0.1841971734271938,0.5524722386557227,0.0507020678422208,-0.34757430909361736,-0.5102006595241686,15,3.033333333333333
15,-1.3764707709178423,0.20105615515980207,-0.5071327078160909,0.36206938130489535,0.033111012663277595,-0.11705250127823918,-0.005736117083134304,16,4.3478260869565215
16,1.194444749982183,0.15768691535696777,0.17639830909264853,0.10385513275970183,-0.08958684313938489,0.1259434920681,-0.1634892475224602,17,3.1578947368421053
17,-0.9337352987253293,-0.12247106342540835,0.13162194594484986,0.022362270340103872,0.027894462298429935,0.03662878624012925,-0.016299951116782205,18,3.9371069182389937
18,0.6581986993129824,0.5823746952588196,-0.005722612290765522,-0.1288812294062991,-0.06313205504563638,-0.2321343519531654,0.49264767921073854,19,3.6
19,0.48339127217053934,0.8446750675344036,0.1666764068295535,-0.06910908944320324,-0.1604075149539539,-0.11560210418349524,0.0005291583633787463,20,3.3076923076923075
20,0.009903524300686906,-0.16194229455823825,-0.06972112680606547,-0.32808771689902666,-0.25380246249347527,-0.7707893622564167,0.2182142011997746,21,2.663157894736842
21,-0.07771752182445618,-0.612190029221083,-0.30522807440511524,0.11866407172443649,-0.27622562920922045,0.16180778408889326,0.3189214829610489,22,3.3
22,-0.6470742311294818,-0.05336690629946307,-0.18667341219123967,0.1396908188852779,-0.34156315206010485,-0.21888377203916135,0.02416691113449346,23,3.6363636363636362
23,-0.6383353625841115,0.44087915569026664,-0.6352276222225225,-0.23033915763988852,-0.187429786833643,0.3924436430202327,0.0915292883315429,24,4.390243902439025
24,-0.8147023774813132,0.20608687690825775,-0.23143982433336435,0.32519733846441007,0.001254543544867814,-0.35483467657850315,0.05535465952446833,25,4.048780487804878
25,0.03969256916114002,-0.39147327855940145,-0.07718359634245249,0.11223969630133974,-0.2552490632139707,-0.5746947839322365,-0.16307362029390293,26,2.909090909090909
26,1.1515350666853013,0.08628277759986348,-0.006630445986820351,0.2813604556233874,0.4041358858412282,-0.045503479365401174,0.37408923871228056,27,3.3
27,0.23525543574357252,0.38417765839382884,-0.412615570240395,-0.27527667765103225,0.20676403788666303,-0.01926583272396672,0.17108935115737092,28,3.641025641025641
28,0.39082888115591247,-0.8610730069384414,0.13467535487804125,0.4078195993175627,-0.7819003111186512,0.2481053330547753,-0.11767014629754839,29,3.9411764705882355
29,0.16650871812568271,0.4169215924630251,-0.0981366256063929,0.1188770324984625,-0.025864324636474288,0.2454904685818097,-0.3571780877569388,30,3.8
30,0.17144645649049478,-0.6940250674201799,0.413635280018065,-0.6479475178928961,0.13147043246910642,0.4507800205521574,-0.21426029480231865,31,3.9130434782608696
31,0.6898893621909097,0.033080643132659016,-0.2747227844068092,0.002751007617599287,0.2781013572734842,0.11358572765567518,-0.06444433107854948,32,3.5454545454545454
32,0.823562451989271,-0.27772660649968234,-0.3305846154045948,0.19438898479450956,0.421664387712755,0.22323879813869021,0.07147638891813278,33,3.642857142857143
33,1.1556703404859545,-0.39060965752993776,0.2724815476446199,0.12482436667573267,-0.19525284723537956,-0.2668087612607261,0.5561568008335629,34,3.8
34,0.9851961106234465,0.08242752578306624,0.12598173832619283,0.02259711408531138,-0.25584777017008853,-0.04905348077465944,-0.27686763882438065,35,3.0
35,0.43511416853606133,0.31028125745307356,-0.42848693554243583,-0.03719957977058105,0.41707628658214424,0.007644777977364481,0.11887625305925183,36,4.0
36,0.46492382177865743,-0.6737926158938446,-0.2055673779316655,0.36321199129497656,0.25817988438336603,-0.1595553948438159,-0.26176239408527907,37,3.4594594594594597
37,-1.1018572284920556,0.15107561832900948,-0.13878021782954822,0.30038315745849903,-0.45595036386111104,-0.2517079832248122,0.169737165556957,38,3.9047619047619047
38,0.3732047856422664,-0.8478568035650043,-0.2649720367475578,-0.136908355501444,0.01646405308013193,-0.35680738909635457,0.568072751644632,39,3.8461538461538463
39,0.8217735526245298,-0.36979559704736636,0.1003622350105281,0.09519862714878775,-0.1810355026885626,-0.3142658967907976,-0.18601430165131044,40,2.727272727272727
40,0.11169919435933402,0.4411762565093648,-0.14428042878625466,-0.05254741816128222,-0.43430030195098623,0.27614870411155473,-0.5802789468037863,41,3.935483870967742
41,-0.5967178320837075,0.7303844795504397,-0.16528159499765324,0.1960762964262568,-0.2487773068214141,0.27847684477978596,-0.019242522276445784,42,3.625
42,-0.49261557066001027,0.5698219709943375,-0.13185008668506767,0.28800616017682673,-0.3171026358304262,0.3325126044183288,0.059909549598360895,43,3.6785714285714284
43,-0.7215419651727764,-0.09420933729569417,-0.2426630880262674,0.2366886781455526,-0.061910616811368974,-0.3769114343701301,-0.082204847909992,44,3.6375
44,-0.27625917682065615,0.27858280356181403,-0.19527238970462088,0.07957082726698723,0.15032794137691946,-0.466470096029389,-0.14217657963642313,45,3.4827586206896552
45,1.0719162021363753,0.04753300683256369,-0.1126331822940129,0.02919016021083899,0.010544602898475917,0.4639898711155285,-0.38999226854208857,46,4.181818181818182
46,0.3534969164901652,-0.01657265575688214,0.21265461064910177,-0.415380099677884,0.30540619299950633,0.2242328520366245,0.32755796193990355,47,3.5625
47,-0.06575066371905301,-0.5798065126781028,-0.34805249134741656,-0.3138649559841554,0.44500025119222303,-0.016082261083778405,-0.0363699728735686,48,3.727272727272727
48,0.2095927934117186,0.3049274164715412,0.7291340375435786,-0.32123118785605087,0.28070821160525217,-0.27363202210173654,0.5665896232581565,49,2.7289719626168223
49,0.8512968394402388,-0.18858419062346454,0.06473855421308411,-0.10281088126420615,-0.04666251935126403,-0.20254531382607316,1.238885117676294,50,3.5384615384615383
50,0.5026503228404001,-0.031504605831758056,-0.21160647467000263,0.404290141220691,0.017342635125617428,0.6955676914422474,0.15664007729591065,51,3.75
51,-0.43789505715164845,-0.008240078344895395,-0.6387738908964666,-0.5585651435684177,-0.018393826325790095,-0.23503107927542752,-0.254582441239725,52,4.3428571428571425
52,0.8397938385107213,0.3320018811433099,-0.1282491938074447,-0.03242457576779021,-0.08828256402810378,0.23132008342922875,-0.5827787207546116,53,4.0
53,0.15794112355229126,0.05020043610477211,-0.20078495673537644,-0.18580415708127251,0.30979872141309356,-0.3551451431711593,-0.2059033191830659,54,3.3333333333333335
54,1.2535542700959734,0.20776698215647055,0.15672909026035065,0.1633475759608618,-0.015605553394364176,0.1889974319323722,-0.1907766791065233,55,3.8
55,-0.7182582136217772,-0.09210593710474961,-0.3112012495716276,0.47313835035456336,0.029288251156792695,-0.11539335345004896,-0.09849977898043133,56,3.652173913043478
56,-0.06375481903533338,0.4862318377912844,-0.4352936394654544,-0.08520708662180485,0.346713302048857,-0.04954249074806084,-0.023461595036877204,57,3.6296296296296298
57,-0.564794241743499,0.010294002466476847,0.39813079457634254,-0.32219411637319756,-0.1191161214677594,0.5946234154747797,0.18669345695743542,58,3.875
58,-1.0752368387475473,-0.32072981579574417,0.19047456308626579,0.23546882494353746,0.30617773355828376,0.2566285354844341,-0.03835785074043312,59,4.023255813953488
59,-0.8998939861890383,-0.19184687683022467,-0.4088225817677006,0.3692455912827666,-0.08789602564036436,-0.026588426706348037,-0.02549023761746251,60,4.1344537815126055
60,1.037963514001829,0.2388864901806657,0.23940868401483953,0.07647681907785824,-0.23995258604135133,-0.20627249590920335,-0.16282302512699656,61,2.8333333333333335
61,-0.4476022554271698,0.08785737403522215,0.4888777352290378,-0.1059746892866927,0.16449547627668004,0.09246019690243326,-0.12891961364338808,62,3.317073170731707
62,0.2525692164061228,-0.26275196770213743,0.8119582395512515,-0.5903180020486718,0.013579200695482378,-0.11868568392846841,-0.19805946265217791,63,2.9791666666666665
63,-0.7654051856486558,0.012400112401620372,0.17477631036492186,0.27520705520651534,0.12258938646647498,0.08455959126198652,0.12256358997384852,64,3.596330275229358
64,-0.39037185827073895,0.3481980168765688,-0.23093255473703397,0.8667020666115725,0.23300237637481763,0.26697619699937475,-0.2930406254997662,65,3.9791666666666665
65,1.047074279179091,-0.12479126596902783,-0.050479760581024304,0.032023394388917915,-0.06211853449882404,0.3420625218654396,-0.2961309741118906,66,3.5238095238095237
66,0.9955233210654074,-0.03364073922974804,-0.23620605127000593,0.18421674185546316,0.3285744639805312,0.2833868294481245,0.019533391000625414,67,3.4166666666666665
67,0.7300026195509015,0.42389092570240905,0.023012713078299,-0.2046642185306879,-0.18278767879671598,0.1928627479759016,-0.21241804344374537,68,3.1666666666666665
68,0.05314422689673341,-0.7503444718790397,0.07813390861273486,-0.4441688983417596,0.5650963088148446,0.2474152399717565,0.23947288361919913,69,3.736842105263158
69,0.016878977997250414,0.48734409784420635,-0.30372868412626913,-0.039487529630556885,0.2534642655506633,-0.09127861033604058,0.10281771415922937,70,3.4025974025974026
70,0.6445280862042297,-0.5351827866402928,-0.04999001921494051,0.16328540575426662,-0.3268754473619358,0.2791087309782261,-0.37661320247506147,71,3.8181818181818183
71,-0.21605848723569812,-0.26483693072659953,-0.09091883585905947,0.18153352350425758,-0.5170541600804632,-0.4034912678485959,-0.05818336960665839,72,3.767123287671233
72,0.16777625184513717,-0.16715845501553597,0.12610671926197528,-0.45253000672658766,0.5941613251073476,0.28283351442696447,0.06453105560472976,73,3.6470588235294117
73,0.38097646859969153,-0.5828020331703148,-0.36480915585042445,0.05688769129850355,0.14719233538527274,-0.2971627063969263,-0.2881363112317908,74,3.761904761904762
74,0.3706651015169752,0.41569525461510776,-0.1884013935833546,-0.24588797919061234,0.014955886484316004,-0.14725934986901812,0.07079686894128674,75,3.1818181818181817
75,0.5169366421528839,-0.18036629553199213,-0.06511025131881648,0.2931403240374441,-0.2953455128832686,0.631311971412063,0.30507584317980907,76,3.4
76,-0.16825654751881233,0.5529400230535434,-0.3366342061025708,-0.23638751484704806,-0.025342883855456112,-0.12767496422030133,0.4394405262274409,77,3.4615384615384617
77,0.7032072410815704,0.10993022602571088,0.28203032321626265,0.6421452696265355,0.871488749308292,0.09761322823185295,0.16620328379205598,78,3.357142857142857
78,-0.06575340035296377,0.5289635803323135,0.5200117255556109,-0.9317897677957687,0.12206199688748147,0.30487903042181685,-0.2623811160212205,79,4.185185185185185
79,1.2212950366242936,-0.12970259110701413,0.17074449543234896,0.061665207403359436,-0.27741770391060433,0.09056308085016154,-0.10661469942841552,80,3.9285714285714284
80,0.11146811941365484,0.4980940828203595,-0.40480700166333694,-0.3763739418865598,0.13958105460477394,-0.06001072548021683,0.17200072233701655,81,3.566666666666667
81,-0.6518634002116495,-0.14585291989245278,0.18144930022011474,0.2499484648930431,-0.5119408571605446,-0.04655744814709741,-0.027657477082506918,82,3.127906976744186
82,0.2671806410884707,0.3983906507330203,-0.11828587584246922,0.17764239088410627,0.18335227099753104,-0.03467055390130452,-0.16635126686417612,83,3.3974358974358974
83,-0.2743335597425924,0.39416947538424096,0.03219235346619157,-0.033915793008816,-0.6197952951920245,0.01764606931568037,-0.08293176153817348,84,3.744186046511628
84,-0.9200380535950231,-0.020943856535913092,0.46561890977361897,-0.0033737212906237214,0.056593598822340246,-0.07170798922125994,0.027770466890192788,85,3.547169811320755
85,0.9619267916650789,0.35828937115227466,0.08317250051017733,0.026806091306686108,-0.07176502235490509,0.015609641529207513,-0.4049625200550612,86,3.6363636363636362
86,-0.5914873135160409,-0.3696480114112604,0.40109028698468885,0.07116594823196605,-0.02153341987526866,0.4850068809896079,-0.31304317736614234,87,3.7787610619469025
87,0.5432916854499275,0.49105170652658026,0.2193057729568774,0.270112363024824,-0.25109217387958516,-0.08675945524991174,-0.12702945183593628,88,4.090909090909091
88,-0.014003758759474166,0.6906978504464609,-0.41925154477983395,-0.6074948971781393,-0.23124336955426178,0.1538832927357052,-0.5561050754057376,89,4.15
89,-1.2111296430531855,-0.5628391398891737,0.26975667499620104,0.3822996996010271,0.28828790989316944,0.4583029453399485,-0.03497969297889879,90,4.25
90,-0.0768467046050119,-0.41971146220633676,-0.6272735431792521,-0.23549876283645943,0.2371844301032623,-0.2002802874077538,-0.019411420209671272,91,3.9
91,-0.41058104182393956,0.0778188890900667,-0.07409074678568063,0.2679093054248435,-0.14901802547016527,-0.33442962549418365,0.06294320202250724,92,3.230392156862745
92,0.7964592810525019,0.8085900803442042,0.3446785106406994,-0.13807310677003676,-0.2759602746341306,-0.5216926994423915,-0.1287640680750223,93,3.0
93,-0.9901564290890842,-0.19716114991216238,0.513440113931274,0.015425811130972598,0.10703010226786759,0.0524035700183472,0.10407158252319233,94,3.660633484162896
94,-0.5755288273024163,0.18466901996025878,-0.13642905068635608,0.34231499584453107,-0.16091444885662431,-0.12205618844385945,0.12516328108254074,95,3.484076433121019
95,-0.17815288422567693,-0.0943585403526707,-0.38556184273148053,0.7028980359369935,0.6087978085746562,-0.3856012051347588,-0.7133056049777903,96,4.25
96,-0.49483097602983395,0.8050680695949209,-0.3703383971026392,0.206590297224641,0.5712325156849001,-0.30324725159148824,0.11980991922068475,97,3.9714285714285715
97,0.18218446731677118,-0.17216891829664768,-0.17682479442612276,0.03156862182061993,-0.6951870677720406,1.0818243668228005,0.33821416418534034,98,3.875
98,0.09044001749337448,0.5819285054190753,-0.37855449751945214,-0.41017413584468393,0.04261722654497831,-0.07310111182518587,0.08176728092501985,99,3.6507936507936507
99,0.7014290637839514,0.017132327733071454,-0.08626139444242041,0.3274395360777032,0.21296884928204934,0.0746341826583499,-0.26406702778438534,100,3.0294117647058822
100,0.524783741161255,0.7020882238355206,0.05907280238955222,0.4256088747893613,0.44899865237824815,-0.41898474088557863,0.02767066813469926,101,3.0
101,0.21762221302406198,0.412847745161835,0.19408663994802525,0.36385239227725225,-0.23565502729098178,0.008826119204345992,0.4007773545763838,102,2.5625
102,1.0405109379019462,-0.18659379104462678,-0.02676521449744209,0.013312954844714241,-0.11367122527742773,0.34797736250047145,-0.314637427687202,103,3.4
103,0.24225952083617897,-0.7760010486124905,0.19543125993209215,-0.2125136657535794,-0.08957262417809489,-0.0196708474955038,0.2931703108462118,104,2.7936507936507935
104,0.581887335163794,-1.0046064074359407,-0.18506026196306644,0.12070964657451634,0.02348935587299619,-0.36023992148530887,-0.061595080132829404,105,3.3125
105,0.9437407061134517,-0.2230484112584399,-0.1415218122827815,-0.012795634530586315,-0.07941651830416824,0.4015289314903341,-0.39891120740032354,106,3.7142857142857144
106,0.975446569194413,-0.1371759255892578,0.03731705521352452,0.15489941992515838,0.09581918206036685,-0.22570939526084965,0.22338288284383714,107,2.769230769230769
107,0.26343846449767044,0.5237811679760265,-0.026723015697250718,-0.5778653322863512,-0.4385433835661265,-0.12116662900004437,0.2647343015625474,108,3.411764705882353
108,-0.5964120041283045,0.5826404143234413,-0.17528307810748298,0.5336333423821906,0.0006602253368487561,0.2624217318176979,0.049362585662226996,109,3.5
109,0.1716779763706717,-0.1293282041507998,-0.1984578102248859,-0.055045625266183895,-0.23531189091495347,0.043642045751098965,0.301076464163805,110,3.0853658536585367
110,0.33848154599248736,-0.5580132080545592,-0.20212116631296576,-0.000670710317890778,-0.08431578702324682,-0.44235571540985896,-0.5131844038039033,111,3.5
111,1.0545970828110611,-0.2498185004700819,-0.029056184903795294,-3.6993051641110926e-05,-0.1571604024692171,0.21747471474101207,-0.2395903849879681,112,3.9166666666666665
112,0.2992575296600386,-0.8394192946088276,-0.4601884943718298,-0.13993365504986469,0.020161185776200016,0.08246507518472768,-0.2906353793440284,113,3.806451612903226
113,-0.06252342098374171,-0.8523623217839973,-0.3310904472087535,0.1957298491573633,-0.2812914607471173,0.31574311463236976,0.17805114516938095,114,3.6296296296296298
114,-0.8068790438412696,-0.47520319607892925,0.29584076872387205,0.5811141244334177,0.5509099586925078,0.2057306599577249,-0.10846840284027175,115,4.040816326530612
115,-0.6784004408380624,-0.04236861170020106,0.5564031673880929,-0.34169354500165966,-0.37051400239238347,0.08152405756132586,0.4908794974139226,116,3.0568181818181817
116,-0.022688779594250207,0.7667945141951961,-0.21720769842477652,0.14911551029842252,0.28677440932484827,0.021605597324716477,-0.12765068150465753,117,3.7222222222222223
117,-0.5208997824887069,0.17318317456416613,0.06438241930550458,-0.03634355887091103,1.0854564319249034,0.6458524214758394,-0.3077128929423528,118,4.642857142857143
118,-0.4657944103188677,-0.24245925423323103,0.07369528171017638,-0.5616168961590902,0.4463596828509781,-0.10715255805792098,0.0006770021069812262,119,3.877551020408163
119,0.5782398918162799,0.6709081285136617,0.003622570990091003,-0.23135388085681846,-0.19362536827617266,-0.14563437431226325,-0.520903387993857,120,3.5714285714285716
120,0.023985634803617834,0.36848641954064754,0.4665145715769078,-0.34027619204282844,0.2296167022360598,0.12594193627130132,-0.798990449540009,121,3.6739130434782608
121,0.4220817553466775,-0.6099421373685776,-0.06487618136909407,0.31374557103988365,-0.5033091316789792,0.5341868198236704,-0.35697537067610596,122,3.9705882352941178
122,-0.6400450993363828,-0.06921181388831722,-0.11155991782893682,-0.04425066078326339,-0.7839827958795323,-0.455884968656117,0.3902738430209774,123,3.9310344827586206
123,0.6874312087653792,0.7372533647943558,0.17419092448255372,-0.2833309386217606,-0.27631851948307967,-0.18906123308879733,0.11081990488430433,124,3.5
124,-0.5978211573296772,0.7982966514744584,-0.11738159060889422,0.37064720693334985,-0.08314659224667822,0.15624605166298305,0.14590995883678282,125,3.4444444444444446
125,0.7398566214727117,-0.1784526561683566,-0.5331695935379557,0.18082083808073152,0.6816604982756352,0.35342698829752256,0.0637070738952807,126,3.6956521739130435
126,0.9962569675284181,0.1345506509787312,-0.21161263303986813,0.28382809471410486,0.6900234149583018,0.17830408487451035,0.23064732586421147,127,4.181818181818182
127,-0.10854157608147139,0.03176145796015528,-0.08337710138747043,-0.21317093946094115,-0.6786346273062045,0.07332055316847659,-0.1279102680861217,128,3.5784313725490198
128,0.6584460973247275,-0.5255507674274034,0.10659361655091346,-0.02607477956941948,-0.4734607672205155,-0.3784107750344759,-0.4652765857468284,129,2.8666666666666667
129,-1.2212030061018275,0.1630452827716313,0.24895699961478931,-0.027189777804679714,0.2610947899391407,0.020362358249112592,0.01966667721465874,130,4.078651685393258
130,1.0256955877536824,-0.37020642031922524,0.6417512555434154,-0.19570563801475171,-0.06083624918320832,0.2082933819210234,-0.11605456791603459,131,4.066666666666666
131,0.5595835691249028,-0.5058619306130648,-0.08885240850021191,-0.05616724403388363,-0.3046630851658559,-0.2185133747346359,-0.5968534560422226,132,3.7058823529411766
132,0.5934015975731408,0.23912639478189235,0.051599198518454986,0.5907774038542993,0.3009120764510944,-0.010667953903450605,-0.33454031066524825,133,3.2777777777777777
133,0.3933755028617256,0.42138964993614475,0.18447686913489972,-0.29461138816063936,-0.545575619062602,-0.7792908108835456,-0.4003161323090278,134,3.5833333333333335
134,0.6761606690055272,-0.30536403373804044,-0.04421609418110008,0.5127382518045758,-0.11573433706713665,0.47755959441070656,0.3823195800170875,135,3.45
135,0.5445216604810394,-0.9295100836615039,-0.17232581393806537,-0.08682440284853724,-0.23801335348901104,0.039614295382218966,-0.7120126504040745,136,4.55
136,-0.2873066935139531,0.11501977310205692,-0.08439874057663849,0.07173035270966406,-0.09688711792049864,-0.3907994398798763,-0.6351315436867088,137,4.083333333333333
137,-0.40616076075188073,0.4410903486551528,-0.2809558713586952,-0.22442777249168483,-0.7440723955949147,0.6664956752838705,-0.14495189649329557,138,4.296296296296297
138,0.8626175396065591,-0.7246124932687026,0.01790569965708282,0.21713426587301898,0.004099053202101102,-0.5021531886699524,0.33878390594207247,139,3.933333333333333
139,0.4181230958641873,-0.509018066392684,-0.2142199425016852,0.0598278466972663,-0.0796174098451187,-0.43342621086418603,-0.28257711773531424,140,3.6
140,0.7114137613246284,-0.4958002972581294,-0.11612853903932484,-0.016897143825260284,-0.16955783649520523,0.009373814994179464,-0.5014653332513284,141,3.4461538461538463
141,0.014912891230319168,0.5514530767916273,-0.348472888134189,-0.6830266119520734,-0.32028202013184026,0.17808787901572162,-0.2830510572039304,142,3.8
142,0.7468907962006821,-0.3054565864064459,-0.471775515801475,0.16475889292817625,0.5081862080203643,0.28758269923515556,0.049883503181846936,143,3.7333333333333334
143,-0.8877671253879379,0.07069328624990665,0.5514648594593758,0.05158722484846179,0.14797912405676633,-0.05620796452320509,-0.1183572315641001,144,3.6666666666666665
144,-0.4928237153200065,-0.16103960612809137,-0.17247697023454273,0.31311143694367477,-0.29987458019286084,0.028634771920785878,0.26914998779825466,145,3.3189189189189188
145,0.09226878210473168,0.6286696344890118,-0.0694634806064454,0.2681984231520775,0.026771929554227993,0.21650636095165485,-0.43802041094200195,146,3.6842105263157894
146,0.018704997299410265,-0.20150797215784694,-0.39546648103525417,-0.4609271713022389,-0.3811845202630922,0.05648129433237233,-0.5390179172583122,147,4.3
147,-0.42275471648112894,-0.08287940816744123,-0.5700429900968541,-0.5401682667847308,-0.05324248570744733,-0.3843976175521703,-0.14227997895220554,148,4.0
148,0.9122364910137674,-0.6780766249476113,0.1628571648771992,0.05156557779318131,-0.32791040732350035,-0.29014387176922934,-0.2522593854906396,149,3.0
149,0.6410634151322472,0.25831500759840575,-0.018568346021585847,-0.06941200555745554,0.034505251517046684,-0.32803451094373737,0.8144429016489357,150,3.8
150,-1.2709944350727098,-0.010394798681202012,0.40879085714808366,-0.08178367427274545,0.20779661794852278,0.19597003215393322,-0.09929688316844505,151,4.0843373493975905
151,-0.16737551890101376,0.9631650830911423,-0.2624537230403971,0.13164502151061225,0.33322845291062747,0.01061876027998362,-0.202158789893818,152,4.285714285714286
152,1.2710597423798984,-0.18618271363424804,0.28232663581071804,0.13972068914342056,-0.24310329543555148,-0.05048977228397566,0.09596580043510887,153,3.076923076923077
153,0.5562236586920679,-0.6206301239167448,-0.4854145263076893,0.12680055980253624,0.4026441317497102,0.05654894488434955,-0.12390933958771344,154,3.962962962962963
154,1.229245014599112,-0.12227113867037377,0.2167605965831744,0.3102623532068806,0.08069611376142634,-0.20462113123473497,0.43051541949313127,155,2.6363636363636362
155,0.9368339878026251,-0.05979888174772952,0.27638830172563755,0.45112153206657624,-0.6038521427657979,0.5142301573031667,0.09916925206225183,156,3.7777777777777777
156,0.8017460452032308,0.20020380788773276,-0.1786368954699943,-0.25316575774884753,-0.10807827154924393,0.5689745463733301,0.018115452925122427,157,3.7037037037037037
157,-0.5139906523423198,-0.2676064002406911,-0.44567411132585294,-0.22526648104371735,-0.22757409999228642,0.04834369069418851,0.5493672509826442,158,3.8383838383838382
158,-0.021457997623594165,-0.06399263176165126,-0.231693413580515,0.1913207023796723,0.1828097930237104,-0.31390675642162275,-0.21235073851914285,159,3.4057971014492754
159,-0.7352581342898276,-0.5865594761955196,0.3010333265368434,-0.00881868261500347,0.37552485143062625,0.05440325560313092,-0.1831221576606957,160,4.090909090909091
160,0.9103881754048286,0.2368670860579688,0.3350105116738171,0.117552005372895,-0.47263339830220613,0.10912510289934803,0.3004069145976306,161,2.5294117647058822
161,0.5250120155492889,0.6012832714009612,-0.10416769540951823,-0.06743280560168366,0.11448438134496662,-0.368434003015601,-0.06785981845337515,162,3.35
162,1.4147227429213216,0.14709272425696038,0.39362412937512214,0.1734578949377798,-0.12036365338054356,-0.10131030316449337,0.10588461371407769,163,3.076923076923077
163,0.44392489226009946,-0.17552570822113991,-0.44063778375813684,0.5984876608615224,0.7631092579239496,0.2837387218481338,-0.1207022657331031,164,4.0606060606060606
164,-0.02516722671441114,0.762730078226699,-0.27750224287513253,-0.7232114237428655,-0.34554352054034715,0.08070987153884529,-0.15447299833089137,165,4.0
165,1.342903424862088,0.3431318382100727,0.46010930706788067,0.16120483232081606,-0.3246615075690764,-0.4061109517313238,0.17084714507909418,166,3.3
166,-0.5170493084642283,-0.2530084007846457,-0.2615843934893971,-0.03821809325287811,-0.6977146758759645,0.1601937021669087,0.08834706849103903,167,3.8157894736842106
167,0.34579315674483135,0.45566167890882714,-0.1085247933053954,-0.40116674802042696,-0.3180813151464627,-0.049638620223584916,-0.3532784136347248,168,3.257142857142857
168,-0.24168800499102427,0.13502061381405,-0.5825790685612767,-0.44169952859761413,0.1370619883523333,-0.2667275565369939,0.06865317900466748,169,3.9565217391304346
169,0.6130835549946382,0.0028917652518143334,-0.3572706035154474,0.0489551920856988,0.23120786819288036,0.1018713404503066,-0.27352652350020124,170,3.6666666666666665
170,0.9362814339239027,0.1962874210615173,-0.04156656898590839,0.11320726479929195,0.11000327106157468,-0.0026859455343135104,-0.1123674868940898,171,3.4210526315789473
171,0.9981228148389246,-0.797648837651126,0.36771841414791157,0.15989166234289637,-0.4782926214875827,-0.4611520491622071,0.03634593718002048,172,3.0
172,0.08741392517849385,-0.4943610797057015,-0.4012820447891928,-0.42592057482631085,-0.34488693293887346,0.07927956278373943,-0.41340706061149735,173,4.185185185185185
173,-0.05797591275226567,-0.19261902032123,-0.261864409887401,-0.38576692804568546,-0.35946273254100297,-0.14124460658688667,-0.4186010963521234,174,3.8020833333333335
174,-0.08120882331951236,0.4121880867171255,-0.4487271781942217,0.12728059104612166,0.021279562539785607,0.518049999273322,0.48197353143923444,175,3.8260869565217392
175,0.5369125581897601,0.18497083443244994,-0.24274099080921688,-0.19023114127082716,-0.025721575217754897,0.10476237549215597,0.06911597803956544,176,3.642857142857143
176,0.2696042043708007,-0.6926800684428344,-0.49029389003485746,-0.13939464734258755,0.1701662270616535,0.03407189168535595,0.2118520045479271,177,3.7301587301587302
177,-0.8351424122840493,0.2477554032063493,-0.1899556204238228,0.44300253589055394,-0.1737767100169962,-0.04877582623818637,0.12082665411378403,178,3.718954248366013
178,0.07181597302064618,-0.06388778609012216,-0.10822699327169079,-0.24900004544974091,-0.13377053717931686,-0.8601118947193871,0.3009799225235763,179,2.9130434782608696
179,0.6413558254751848,-0.008583167224874108,-0.32409462226226154,-0.20205453185244643,0.11746527466902455,0.45377702493767846,0.24180515758459434,180,3.8529411764705883
180,0.68548901922176,0.19599684331054468,0.6386264061199264,0.11197655832652155,-0.09497406354895044,-0.4624311637859649,0.38450084090862857,181,1.518348623853211
181,-0.42157472616183717,0.683372422454559,0.203527532277779,-0.6546325889499975,-0.31078963866359616,0.4597012160191062,-0.0915785585408974,182,4.142857142857143
182,0.5280643583195207,0.000666309853154314,0.16435161208700036,0.41697978211527814,-0.6557650681832049,0.5183018745571849,-0.12022606472128387,183,3.1666666666666665
183,-0.8898631193140784,-0.14748238897101482,0.4021321833189114,-0.08913106492725917,0.097704522520392,-0.18816005843613662,0.07251607836989864,184,3.7142857142857144
184,-0.11005517788641044,-0.17341126239254626,0.39686908491692685,0.29671789320469316,0.2709039399908819,-0.1239032501871883,-1.06216652601348,185,3.875
185,0.24459003445938865,0.2535923592558531,0.2625827008348127,0.614853069502473,-0.5034898643365944,0.27177611402332935,-0.21589354798535157,186,3.3333333333333335
186,-0.08010492984122226,0.6627232685934841,0.7668647594767674,0.23323560545314942,0.02171039966926394,0.6051612007994368,-0.0896824242215944,187,4.205882352941177
187,-0.34965268384249004,-0.5888366618441087,-0.4212730143022394,0.06910473239138051,-0.39304826549112276,0.30262558934691564,0.1050619505220502,188,3.896551724137931
188,-1.274391055013991,-0.021466508304693963,0.5084827912837425,0.18084533411349,0.3462429008800923,-0.024341706622403373,-0.13736211984895294,189,3.963302752293578
189,0.11942213864759363,0.05526347911714584,-0.4127043379171127,-0.2110832614880697,0.25651823842239835,-0.2994361149452021,0.31781583274502107,190,3.388888888888889
190,1.3796425190570811,0.16821240619703595,0.321064106481158,0.1921367518213129,-0.19902200683409604,0.01896701788082097,0.07802971832570342,191,4.0
191,0.681899803831978,-0.051059322193332965,0.5328063056203625,-0.5074510466765878,0.11561946814288532,0.6155118006041009,0.1592551880939609,192,3.45
192,0.0833913486126345,0.578043712610885,0.2137734392131361,0.48062402147577366,-0.32984739852347755,-0.049601300011894514,-0.2819134205452766,193,3.278688524590164
193,-0.10156610193383649,0.03556634383068222,0.09359493946409986,0.3055330528597177,-0.3292268492815879,-0.23381613873718546,0.2634926631462628,194,2.9444444444444446
194,0.14558619143589815,0.1111661717490483,-0.3135800461414611,0.11564959209685906,0.3042941385789095,0.15331795231993142,0.39426765374583933,195,3.2244897959183674
195,1.049934562415178,0.19784290655883757,1.3030262296672483,0.4487847354715528,0.366932993668896,-0.05132699760960371,0.04109505946235442,196,3.238095238095238
196,-0.038413569522989514,0.3588844505638139,-0.11228025718186133,0.13422652014030334,-0.3620876910690784,0.3085882348058899,0.39198578875826956,197,3.1923076923076925
197,-0.6224724614716627,-0.16564391179476862,0.5459751643809393,-0.23396507575538453,0.19740025424378804,0.07280651407413234,0.18994923285564588,198,3.2547169811320753
198,0.8615066608265357,0.2742938595282352,0.7814325358780448,-0.10207934292889889,0.09400524720952508,-0.17718965439060738,0.018300143025334517,199,3.1578947368421053
199,-1.1580479097112901,0.004815590934852655,-0.012574247754443437,0.25772447039011304,0.09192011087385477,-0.16836888814913437,0.06696758243332833,200,4.0
200,-0.6036343693081302,0.039317544009901916,0.5251046509972869,0.18808776783714853,0.07026845281074207,-0.13894579577569258,0.14542688127339554,201,3.144186046511628
201,0.7973559237479276,0.634257500000802,0.5407568495881788,0.3775091453874932,-0.1416537857810578,-0.6228172755094978,-0.04307599650287606,202,2.8461538461538463
202,0.36283896215575373,0.5563935716591958,-0.2553332079223108,-0.15209016081920884,0.30722158427344104,-0.2778855485601703,0.5015841586507678,203,3.272727272727273
203,1.0971757755084648,-0.2150227596662582,-0.0015097020408673296,0.16271528602118834,0.05562911240065613,-0.045040930190893246,0.23194516713198957,204,3.6315789473684212
204,1.426588015195028,-0.05506317027574248,0.4979823868023878,0.17959920749747843,-0.3244425917534885,-0.2730523740463785,0.2776369183148114,205,2.8
205,0.9576937913447318,-0.134590537846322,0.6027931826817431,0.4043587803126005,0.013473008732934553,-0.5295513802778169,0.26630373409138425,206,1.878787878787879
206,-0.5679580424528385,-0.22661811883009852,0.3528064457135748,0.26455481178559287,0.1777080602637675,-0.16093613674921806,0.15467239024585752,207,3.218045112781955
207,0.9112157258681366,0.09801253413383101,0.5512814143727642,0.45912496094473004,-0.7476179880218223,0.15680057815155046,0.21514445628540504,208,3.727272727272727
208,0.23067722266042137,0.554192538054543,0.833914323201415,-0.6235534279599546,0.1047627199694033,-0.15540901914844335,-0.47610952020548153,209,3.375
209,-1.0203396417898993,-0.10825090537434595,-0.4149650600645197,0.30845898917466463,-0.12733596686091334,-0.15628257692194736,-0.04474539815344879,210,3.9857142857142858
210,0.18627241458187,1.0456251989386782,0.2694641268463817,0.35332498644482624,0.09180929702034249,-0.31400979201360235,-0.09143208330261923,211,3.380952380952381
211,0.6483956612737406,0.4850375564359352,0.8170917008624513,0.2976224074050862,0.27263365363767594,-0.02599924647098974,-0.5383220468096926,212,4.235294117647059
212,-0.19757566123633308,0.4739963692271905,-0.6951700539986064,-0.5178286371549833,0.24091981795395526,0.0672464037915172,0.20455476144318271,213,4.2388059701492535
213,-0.14051836072298973,0.020124807880458565,-0.225671093062531,-0.5994407061904106,-0.4970551789057828,-0.34969668922664393,-0.3068850054269887,214,3.873015873015873
214,-0.3694698002891194,0.5138111937778825,-0.45272683172410233,-0.2827370256488553,-0.21955937178114177,0.26332101996361124,0.22565990775657524,215,3.86
215,-0.8656897838375467,-0.10369991050947391,-0.24138359553233804,0.39356268451091847,-0.24616816514860926,-0.08687168063890427,-0.026902769849576416,216,3.9315068493150687
216,0.6273898936894743,-0.14829257538336663,0.1726677650533098,0.863866524637458,0.06283397652524855,0.21300240415509675,0.2961634009445346,217,3.054054054054054
217,-0.16566640283460557,-0.5094063711144883,-0.3294520552297443,0.16962233476672212,-0.30711080947970404,0.1547775707412902,0.15037288132291743,218,3.606060606060606
218,0.6497608235394599,-0.040219168545080744,-0.35565298421919417,0.03631092155525215,0.4544566055941561,-0.08270188509600129,0.31295813838812253,219,4.125
219,1.1123720420894074,0.11185367246044328,0.23438516515308186,-0.12337142492695262,-0.2957638192013306,0.07136510789401143,0.6066390727298703,220,3.8
220,-0.36856553751504023,0.2846508366933185,0.3699317759736335,-0.10190552715664164,0.2811348408462856,0.3471073777564451,0.229818278164294,221,3.6144578313253013
221,-0.5177103385198247,-0.3114232816178476,0.684012512258627,0.049184709122029026,0.19854869288871385,0.13412257634287578,0.041215383130617275,222,3.032863849765258
222,-0.13497704673153266,0.8172084990749853,-0.07955152589860137,0.05871957320747979,0.1608916971192183,-0.2505387261475702,0.06974460934713854,223,3.1923076923076925
223,0.3028534573884227,0.350383868494667,0.2506175380694477,0.8006643047674439,-0.24640870771796067,0.2896345607993851,-0.45403340692193767,224,3.09375
224,0.18097524544166993,-0.21629441882000622,-0.18194716250012677,0.0010191433862248955,-0.8055271867091979,1.0580023619318524,0.3612782878237804,225,4.8
225,-0.5573583686914729,-0.3260448684938549,0.5431535034599937,-0.42220011563604687,-0.48338864310573904,0.07804856479406176,-0.22237825550858484,226,3.6451612903225805
226,0.62932517107266,-0.33461732177155706,-0.02305897269754248,-0.1847720255394634,-0.18041201848562982,-0.14337249860891518,0.5935635316914517,227,3.2777777777777777
227,1.078277733972174,0.48372102825642044,0.43892589803172294,0.10625137395110244,-0.3696926738912672,-0.2731425661802749,-0.2769612542396571,228,2.857142857142857
228,1.3434829174073524,0.021135816251191326,0.2773701572784441,0.3633745545106553,0.1782319879295147,-0.4054651482565454,0.6830871377551642,229,3.1333333333333333
229,-0.5034588650714111,0.8216299001072213,-0.08503179029440311,0.27027062785123074,-0.2240211055516867,0.2602218966730757,-0.16918776389301496,230,3.92
230,0.5137414980405939,0.7965138168320388,0.01008068734612075,-0.3960966834674095,-0.2367948418822886,0.018489538644326117,0.012264139336280094,231,3.6
231,-0.7310478272258222,-0.4528258102808375,0.5774643312117437,0.06994391310526173,-0.14994993198795686,0.33500969136748304,-0.46066770372572535,232,3.893617021276596
232,-0.6797184766640629,0.04619167785586115,-0.5268834081418916,-0.16996169344811382,-0.28389053552765664,0.11692744785059474,0.1377101638764453,233,4.352941176470588
233,-0.4802129790800205,-0.15983573963618308,0.31963150655308104,0.013163040357360161,-0.12146837153441281,-0.1598564122526591,0.2231477492380922,234,3.1043165467625897
234,0.23425743611449246,0.3548678523099312,0.4529808749252746,-0.5743905744831528,0.12369956638462609,0.10751733770601213,-0.6563486534807499,235,3.893617021276596
235,-0.6535188933078497,0.22730706527227645,0.16398890798800062,0.09370971035283704,-0.8192420955337334,-0.23452190876961554,-0.057507308467840315,236,3.357142857142857
236,-0.022199073697667143,-0.20621838174521376,-0.2964339892834774,-0.5752460973107807,-0.3617301166290135,-0.09352197577884086,-0.2669706949418924,237,4.111111111111111
237,0.34752600432517916,0.6622365757658557,0.054531155347111754,-0.4916480753278812,-0.3151610001949441,-0.07707114089702283,-0.02852851335781125,238,3.2142857142857144
238,-0.4523200436390727,-0.8065327018958806,0.10177693452768552,-0.37395610244024263,0.33937707042958287,0.1911511864666884,0.049324771411490116,239,4.116279069767442
239,0.531597693223387,-1.02050358592214,-0.24529762807586578,0.0988788817891411,0.014248332970570708,-0.3316676299793962,-0.10761831247268383,240,3.6
240,1.0661655854116734,-0.14741753921475556,-0.04691564993790394,0.15229477402923552,0.15024363404595567,0.017600433699345743,0.11807268899611263,241,3.3333333333333335
241,0.7754205883554953,0.6420888752266182,0.2452359364127478,-0.1284981896999852,-0.37916357189226485,-0.4317445984483621,-0.0940915663320235,242,4.2727272727272725
242,0.350648532604521,0.6709811251282463,0.18402594098754138,0.1545383877447547,-0.08894951117253216,-0.3373000692728914,-0.5512658380304665,243,3.5555555555555554
243,-0.3383426152743096,0.4144316681328662,0.021276149978995015,-0.19015179296951526,-0.09256225740820984,0.2737810615081863,0.48459426579751985,244,3.7094017094017095
244,0.5577528776381686,0.8587341839618802,0.16239336142498323,-0.3512636385471149,-0.2831178120667872,-0.24236216672228247,0.15967478252420736,245,3.3076923076923075
245,-0.010530888188435308,0.5011784088858385,-0.023020253081671493,0.3973121516246094,0.10719065117882758,-0.07363498581089345,0.3057772740381942,246,2.954954954954955
246,0.7831516572828703,0.18372757927566738,0.5884427841517087,-0.2779505103999417,0.26029473550807836,0.3721037283330748,-0.48727505322171055,247,3.8
247,0.21719088335292291,-0.22964840385059418,-0.23295685893643678,0.03223663794238805,0.15786150598934004,-0.6711674263376192,-0.1735757507559846,248,3.1904761904761907
248,-1.0817904835444878,-0.05859565758670878,-0.2937402905166372,0.4142441738758228,-0.28729023667629267,-0.04122510547803835,0.016194844511325066,249,4.191011235955056
249,-0.46380769951398026,0.7965945711050084,-0.3512141917954125,-0.0798495228095727,0.25835402526264545,-0.1579197604179658,0.05155589074071244,250,3.830769230769231
250,-0.10479554628748462,0.5086503527129258,0.1303848572269032,0.08126809292799635,0.7896353293972327,-0.22116885406666162,-0.21866178338563624,251,3.727272727272727
251,0.4211793696501625,0.5054609178253959,1.0301160125043822,-0.5562572953897615,-0.23312450238678695,-0.6078199480634473,-0.2298208828221909,252,4.545454545454546
252,-0.32804915480751645,0.6249053545144695,-0.625421476343588,-0.6308112087827973,0.12434624204392516,-0.06505147866359354,0.14469662478697856,253,3.9464285714285716
253,-0.15471975716728764,0.4591719325650499,-0.06367635355191839,0.39089118077904056,-0.08852316149667692,0.2229656073702428,-0.022281133824069946,254,3.152941176470588
254,1.0289571177621286,-0.2457575046732581,0.10591124409083148,0.31494409958964126,0.056326334469658026,-0.011019377164167196,0.3648066376835598,255,2.4782608695652173
255,-0.8785119278773424,-0.12417043869931293,-0.5379890241603427,-0.25434193842009534,-0.31570720013269465,-0.25571413760892886,0.06792967876499724,256,4.069565217391304
256,0.7496976886557182,-0.28194260662473675,-0.006453351112158075,-0.19598004442638084,0.16087878774911146,0.6814015445999442,-0.5800061982207214,257,4.258064516129032
257,1.1583089423611308,0.05993130404444239,0.07523753576819792,0.06604049836637073,-0.09139181674933775,0.22632738314163117,-0.23759380484829246,258,3.625
258,-0.16581375869010448,-0.7288669536938684,-0.4165406791018134,0.07256340186381675,-0.2673516520545117,0.45236057045747186,0.5176820252218025,259,3.814814814814815
259,0.8312244621252279,-0.30211571352417804,-0.3618603783608626,0.0955895730722399,0.34855311467381467,0.19443951077721763,0.005099611982251674,260,4.166666666666667
260,0.7030665337475719,0.5260939234370222,-0.034128359125633494,-0.050910894806013816,0.08440582709343852,-0.4523811131014892,0.4982600382518472,261,4.1
261,0.29974603802697175,0.6725566809391302,0.052787110511707716,0.1435460547228523,0.13548703806180765,-0.2514355741980136,0.2314204976367353,262,3.207317073170732
262,-1.099978665275917,0.12017032123954892,-0.27214370864902354,0.5326612905225016,-0.10209578893932783,-0.10197456161305836,0.08349313757309029,263,4.05
263,-0.588194417175933,-0.5776656166882519,-0.20371966690126161,-0.8078738455356171,0.5277057802006504,0.1917843283932051,0.09129076218311484,264,4.190476190476191
264,0.23117089421360543,0.4703962216020006,-0.37974124641887624,-0.1291055683968721,0.2500351225447205,-0.3166000516820418,-0.17797301049494327,265,3.6296296296296298
265,1.1749644708895817,-0.016546190268931872,0.30420438738421385,-0.04139371218493083,-0.39904813730008754,0.05719229872575276,0.35479474453774656,266,3.1875
266,-1.001498298848816,-0.22005009336045842,-0.32766606677768806,0.2528001302188373,-0.352188707628287,-0.05504956191253028,0.1256339935950876,267,3.990566037735849
267,-0.34995573552073017,-0.05936994521263052,0.006839762744792042,0.33924517221478656,-0.3109133480449575,-0.24844174791205442,0.14175237296219192,268,2.9329608938547485
268,-0.2489436697088314,-0.22710158542949346,0.7842259294165279,-0.46752156524790367,-0.03445818138644397,-0.314657298587005,0.25643064356233836,269,2.8502994011976046
269,0.03814415375175144,0.2357821996150766,-0.7334925040042559,-0.3638515124785472,0.28961161906089355,0.30642648213312224,0.18190185060575484,270,4.291666666666667
270,-0.7790747623885095,-0.32985510990621963,0.31365030451503506,-0.10854574082518444,0.12078656255257479,0.013786901019746257,0.10794220255443726,271,3.590062111801242
271,-0.42298222020098597,-0.666786205816154,0.050059113401719466,0.22096012926987274,0.8344016444633952,-0.08942440773014203,-0.7247912256564687,272,4.387096774193548
272,0.9979950670236735,0.14709223646697062,0.07542403098254213,0.12819939874001846,-0.047264434498003355,-0.1556876529493521,0.027180610008533154,273,3.5
273,-0.15075299710828355,0.7391509300950401,-0.45227231411148927,0.004686142128135434,0.469285007740737,-0.02098840289001797,0.10605564083380402,274,4.0256410256410255
274,0.010279794267288849,0.5869272130185228,0.10339384655007176,0.4255510156605673,-0.05460832624418785,-0.02345719781723163,0.34802709698143774,275,3.0625
275,-0.7642930071277731,-0.12957414294451425,0.3317898011377738,0.017879609036310997,0.17047765360470687,-0.1751488699868584,0.01703665518896977,276,3.4160839160839163
276,0.4748347020897843,0.4061246694108137,0.025428768238679584,-0.18922670953337767,-0.26029010143104736,-0.10709150018154528,-0.18411687181689085,277,3.2857142857142856
277,-0.13237739913679664,0.08868736831846988,-0.36830091612814947,-0.34535657732510616,0.07002893020770216,-0.6888178649306056,0.40732859107849634,278,4.166666666666667
278,-0.5046796390994024,0.12967501985847887,0.29855260875440726,0.27187534028471744,0.046821666576267,-0.18084965843898332,0.03849707128927042,279,3.1735537190082646
279,-0.6877278194845906,0.0814282215839352,-0.1399587240310399,0.21947023416385947,-0.22844055710420963,-0.3251748109834424,0.1732280794632788,280,3.6530612244897958
280,0.47274168366327546,0.37530670866814203,-0.321590529043658,0.0680289627021451,0.4572597980699891,0.10963630652362402,0.19654506890999182,281,3.2941176470588234
281,0.7765095371693057,0.019373921825002808,-0.17475781543572266,-0.03835004503621165,0.3112381825574615,0.1104946506081271,0.8075652277229592,282,3.4
282,-0.6975923194421926,0.6223446579798053,-0.2857620030911286,0.5488241431401444,0.05448475770540967,0.3498584342369345,0.34901572651809226,283,4.071428571428571
283,0.3036019466465392,-0.5667019241252628,-0.3294097936211715,-0.09538036165779389,0.08362563181613639,-0.3019309523751446,0.2684979332481213,284,3.607142857142857
284,0.185057311968076,-0.9165478790288939,-0.5182603122075604,-0.1357774097489251,0.11033803343410677,-0.031610842290960416,0.05276328571064727,285,3.8125
285,-0.8843106994962049,0.36459064405137365,0.41548964403448385,-0.071090960102325,0.35085026689691196,0.504638116143795,0.23577112906081651,286,3.8354430379746836
286,0.3252429559687632,0.18668500552549408,-0.4767121223600302,-0.12755168205022427,0.27362609847716063,0.06404778391211285,-0.3311268564766939,287,3.857142857142857
287,0.22134930846289771,-0.24117228405861618,0.3061017374491247,0.06141800088558937,0.3019119100637238,0.86208405974366,0.4987949035207473,288,3.7209302325581395
288,1.1879414652870315,0.3003564459608039,0.33211033501939075,0.07830014514130774,-0.22555079116081056,-0.11621641446081181,0.05601431156124205,289,2.6153846153846154
289,-0.5927946736436974,0.23734623275339783,-0.1155141424822543,0.3743007321485424,-0.08007858946470445,-0.24111905816645815,0.11640952485222018,290,3.4177215189873418
290,-0.7701771536791461,0.17434938924121177,-0.24684121063732972,0.37860563443677625,-0.10209892562891604,-0.10541389182246562,-0.061747989459987565,291,3.69364161849711
291,-0.8729365501743803,0.3879871380350284,0.30441682629010863,-0.134624379091241,0.16968465209097483,0.5270539927078401,0.025102844727083115,292,4.142857142857143
292,-0.7100819781551065,-0.30182063883493415,0.6553649119002724,-0.10155442341654312,0.15160071223016763,-0.15058728100767102,0.18033652275969658,293,3.097674418604651
293,-0.4668084742493418,0.7278916923162816,-0.20252840995036578,0.18640203663484917,-0.06525548405164189,0.04853610468315522,0.009709586486804804,294,3.5
294,-1.1747289710160547,0.038235785466961304,-0.3427307988774891,0.38818675959529814,-0.10152916874776392,-0.21975503800049734,-0.08528243025811902,295,4.29
295,-0.029043765833472606,0.49153006604320115,-0.46031677516524694,-0.6533209468866067,-0.23378613920231184,0.26407397670554544,-0.4666507298755249,296,4.256756756756757
296,-0.2640595997274774,-0.3808814280598559,0.20507521316228414,-0.5936580437014546,0.32604054625944995,-0.2930584679408348,0.06070774527774715,297,3.4086021505376345
297,-1.1229524243426308,0.06794146780450086,-0.3698192471103833,0.4032510077392717,-0.15448070299923874,0.0017529340067047692,-0.032120742590001514,298,4.1923076923076925
298,-0.7510579133444626,-0.2695545139867805,0.3718851827112574,0.08156726291381022,-0.00925435933188959,0.015253558735920627,0.05896180953921426,299,3.5064935064935066
299,1.3321626951757055,0.033267838972406726,0.23095701428009444,0.3645690455417831,0.23264642471268493,-0.3488851172387161,0.6821061712360752,300,3.75
300,-0.6211805645076942,0.13472182592731313,-0.1606730151563095,0.3944865075750498,-0.18679209568740332,-0.05635106694831163,0.03390238775468491,301,3.589403973509934
301,1.0113364337890687,0.09926862904210523,0.1875866140902204,-0.09322850938081459,-0.20511334918620439,0.16358970772424,0.19923485277445904,302,2.5
302,-0.9004713702682272,-0.2249948322792179,0.42929271292799454,0.1405046561862957,-0.023656126604065936,-0.08588958551281217,0.0011056370011315183,303,3.3659420289855073
303,1.0755442457951923,0.11116440152452067,0.17666928677395674,0.20376143356622883,0.017696210174997253,-0.4545370193631455,0.35857891275205556,304,3.4615384615384617
304,-0.6109453719173763,-0.14411279793803092,0.5624220099915246,-0.4115825793379103,-0.05034050096513393,0.10870206270922436,0.2249947571324432,305,3.424
305,1.07623897974059,0.2956368607750942,0.17012183653395746,-0.08603840710397719,-0.1415138119468668,0.28733941639703287,0.1569873940595661,306,3.3333333333333335
306,-0.37502172547106827,0.6256028894621055,0.14428786903264526,-0.3354997789795051,0.4401971132774138,0.019591393483823962,-0.018845929182258685,307,3.6666666666666665
307,-1.1052748476868821,-0.233348039442905,0.3981251632493832,-0.01658836375516671,0.25364579806064597,-0.058202900854722225,-0.0006152139052219564,308,3.834862385321101
308,0.2200014688121027,0.40062311558988317,-0.3557635778368958,-0.5014284774949123,-0.18577786946429076,0.2773819315433134,-0.3084861251018032,309,3.8181818181818183
309,1.0306616032305251,0.08931829283533743,0.9829669723014247,-0.18198371680553593,0.40597645505521257,0.44961627870083076,-0.2756440981717,310,3.0
310,-0.7808486355691885,0.41676355589200803,0.5687167374956962,0.10660073167760156,0.37499054058156595,0.47959318575511756,0.051654168010432905,311,3.7567567567567566
311,-1.2724652355158126,-0.45600649632309115,0.03691300973456212,-0.49565749488284433,0.1349398012402094,0.22375523808549785,0.10015255475933928,312,4.484615384615385
312,-0.7109688049343612,-0.16906087588043944,-0.28554215574757563,0.3544882176360462,-0.06335054253769476,-0.2378215378331336,0.05347956694872353,313,3.6470588235294117
313,-0.6558176470046904,0.7070377136922036,-0.23800972380579555,0.2282298030256053,-0.09414906835406035,0.2038842795624516,0.061868734680683164,314,3.6714285714285713
314,-0.2571986342931691,-0.8267376168804904,0.15887116537086643,-0.3306398517153342,0.0823786669787013,0.6012715594274256,0.3482915153357871,315,3.977777777777778
315,0.5161641416911014,-0.2950079407905277,0.16302359039186146,0.3589860975339548,-0.5161074761139947,0.019559043499717804,0.0032829573195051615,316,3.1136363636363638
316,0.5158535775686004,-0.7769961030915372,-0.42725556144157983,0.14006010882677533,0.3349123357790469,-0.07426227191428057,-0.1325904733069117,317,3.5833333333333335
317,-0.10734125080625771,0.5519031888704642,-0.23856027959881243,0.14696551393268603,0.3087012513126497,-0.11531836242744903,0.11956033424640371,318,3.6875
318,0.8552179087960203,-0.068016591046504,-0.15080154328882656,0.1674098706047618,0.2572348241451829,-0.08774074106710293,0.16345892884276358,319,3.25
319,-0.5646711027690233,-0.1603703065192785,-0.370071078132897,0.0024640480026560524,-0.3884967312325093,-0.010666271216052976,0.16555646396792773,320,3.7341772151898733
320,-0.862311597465513,-0.0023109041176560064,0.42160307169614925,-0.5129205304184528,-0.6735619481400635,0.17902986204906057,-0.15308913613549166,321,3.8194444444444446
321,0.11985197796917292,-1.0751509824931211,-0.022288051923786818,-0.21265949028422998,0.670512853669541,0.19101014445385814,-0.38665569595690236,322,4.222222222222222
322,-0.11189937837880364,0.4327493223890211,-0.012546774370219433,-0.6361527331296152,0.3312498577924681,0.13466026623027552,-0.05037035021901288,323,3.6363636363636362
323,-0.6567869739494682,0.7704243964200347,-0.5688571537971273,0.06406427071820374,0.5288289059811094,-0.023210859598753204,-0.12396577940060217,324,4.392156862745098
324,-0.37347497057245893,-0.08481179938442508,0.1605404330691158,-0.15576585094195358,0.2575093404231612,-0.41840988681284097,0.0013655385949403194,325,3.3552631578947367
325,-0.6267507262892228,-0.12379388818449538,0.48737214827276815,0.02736877983099355,0.13604343328015375,-0.013097503412904365,0.14381760721048534,326,3.2212389380530975
326,-0.6224041256538867,0.061404385255510195,0.47326066523765237,-0.013333866104082975,-0.08271190178618926,-0.023487483311960076,0.23757214643139213,327,3.28
327,-0.783002301038807,-0.04559715407241572,0.4708692976119409,-0.04840866318778559,0.035940539273342835,0.0030743669749395725,0.024330009055824463,328,3.408284023668639
328,-0.2730465356793902,-0.021004723656802872,-0.19211093401575974,0.02491685337545811,0.06587986898245783,-0.5338020441928034,-0.10002982331212332,329,3.2972972972972974
329,-1.1794044198966693,0.5339928816750323,0.3537787754487242,0.0865123685107884,0.41368861022680004,0.642109113893091,-0.01787776407752474,330,4.447058823529412
330,-0.19635144829982443,-0.6392065963031243,-0.013712616892929448,-0.47599592493820203,0.32684704045034396,-0.11888525297813525,-0.14696131358844045,331,3.65
331,-0.8423748103329013,-0.23603295211641137,-0.33691594127832614,0.6501069729457267,-0.04482448569723113,-0.19392919401441203,-0.4632902069030968,332,4.137931034482759
332,0.417925879347081,-0.1536408747584358,-0.045335457227997464,0.06286152930464088,-0.6917174208481827,0.8309280530014416,0.29704053367453653,333,3.7857142857142856
333,-0.984499843894818,-0.1660890380158211,0.6050112878937898,0.2702618298992274,0.20107691419604526,-0.07952376459015952,-0.10312181304342066,334,3.532110091743119
334,0.8891551349940986,-0.39523109559347613,-0.290070118260061,0.2506989585373024,0.43587560761319066,0.026832426719057802,0.43539791497924435,335,3.6153846153846154
335,0.1023196983273408,0.5689534808355114,0.012704521725908972,0.47118017653332755,0.001729308520463851,0.21335193744635214,0.07924597850017724,336,3.011764705882353
336,0.8348550602867022,0.477268383070018,-0.04529171616606171,-0.03651246922662137,-0.10402429117135542,0.12422694120579184,-0.5957710680454106,337,4.0476190476190474
337,-0.17408917428719312,-0.15452953165066546,-0.4815312092081651,-0.28213914367402954,0.16068100458458337,-0.5533064962092226,-0.12308890974686659,338,4.121951219512195
338,-1.1243594709093696,-0.2858051800812998,0.37720443048708796,-0.17438819758837493,0.23335992699732025,0.06113895440200505,0.027002001666833725,339,4.063291139240507
339,0.16977459432418301,1.109021197976575,-0.0917403251198298,-0.6206370360540939,-0.35318985549885523,-0.13498908933986203,0.04899992189870396,340,4.111111111111111
340,0.5761809485813524,-0.7086434384074405,-0.06613016111774629,0.14516024807140082,-0.04483127295873057,-0.7315157047638484,0.11299132194222304,341,3.6666666666666665
341,-0.7903587431274987,-0.03032418743389837,0.5524921777143492,-0.26410763267865045,0.5857368968081322,-0.6445753112423361,0.11366578742242543,342,3.4765625
342,-0.8686685365421773,0.1105860557894489,-0.06543149049898578,0.6430661418490359,-0.28524902016097375,-0.13927455008417058,-0.301639752079992,343,3.9872611464968153
343,-0.7510447739065605,-0.33585856061199115,0.4702615207995599,-0.5845185615883394,-0.11526698194211794,-0.049742766152275575,-0.09650789910694939,344,3.697247706422018
344,-0.21537217780243811,0.2853611636973389,-0.4242603244881787,-0.1574869457175571,-0.1363104694366908,0.3054610773121007,0.2911283082528138,345,3.6641791044776117
345,-0.33494719381210164,-0.21564578450361005,0.051304318202906034,0.38727803814729167,-0.15722285232353994,0.14590417319175544,-0.16274648715616388,346,3.328358208955224
346,-0.5144218812505125,0.46160890072494914,-0.1454692742934282,0.45854794680393746,-0.192830196000368,0.30543366986902937,0.2403190140459363,347,3.603305785123967
347,-0.006441956156836997,0.5580240114937998,-0.5303763310863361,-0.3692172935786406,0.366575108120863,-0.10808397675759764,0.3336824610156648,348,3.774193548387097
348,0.5842640015406043,0.11139680931247986,0.507035264402375,-0.44687326061832555,-0.0813427731847777,0.11635533909143816,-0.06934352287361599,349,3.357142857142857
349,-0.6616907100598695,-0.5171516878690811,-0.6344023487535935,0.07012581235188466,-0.34751927632557356,0.3789199470938265,0.03190590601571784,350,4.4
350,-0.1032767239090371,0.386696684367688,-0.5731088265253409,-0.5480018003401895,0.06747767893442864,0.0673233614709528,0.12824085406978933,351,4.133333333333334
351,0.5391460603864016,-0.7372144985495694,-0.3644008959981835,0.029269776695124993,0.09049897407754777,0.05250003103018654,-0.4555757670713652,352,3.793103448275862
352,1.0809716256864457,-0.16043578704149628,-0.010161122070487158,0.14844869706459068,0.07517548972520961,0.10453800985981115,0.06407249857450036,353,3.2857142857142856
353,-0.8771971385393172,-0.20386609124353847,0.37628539352113005,0.16958280768618833,0.08026465189252961,0.036327406620720516,-0.06337666241725781,354,3.7171052631578947
354,0.21369248661658918,-0.24177847734750121,-0.0018093500581289172,-0.5259940140309007,0.6875879238619652,0.6520110565230551,0.4977406726992369,355,4.1
355,0.6315646399911103,-0.3478660190667564,0.20543843561694966,-0.11467483595661872,0.8220834821701194,0.4430581915264289,-0.008403209630358677,356,3.466666666666667
356,-0.2537763075042823,0.6446806751796562,-0.4464058793668585,0.021269289402158952,0.3735305962911624,-0.08296795935656318,-0.1333933769072165,357,4.0576923076923075
357,0.09388855472531875,0.7793165655310426,0.09852680309446171,0.3105619655175851,0.23383442846408242,-0.6165350928326793,-0.3123271285958291,358,3.7142857142857144
358,0.4743949922847496,0.8190643072267851,0.1411162947244836,0.3033605414955099,0.18598437424114106,-0.005816887164485867,-0.5283747781487892,359,4.142857142857143
359,-0.7009453733485858,-0.3602485839426845,0.720489828822714,0.401407004609157,-0.3013652212424689,0.09256990045089017,-0.7396568580740698,360,3.971014492753623
360,0.07881448862340115,-0.7800981007654965,0.13205334712502387,-0.4756997823958302,0.4162743240929101,0.2926588036801544,0.09109332479887718,361,3.7564102564102564
361,0.7819637701439213,-0.9434651370899623,0.11073011986569026,0.027793973461462545,-0.46351279213445223,-0.3800775770305582,-0.3062091170628088,362,3.2777777777777777
362,-0.36000258153065906,-0.10421597097729508,0.19189685845349777,0.058472849537168525,0.012860895068289396,-0.3134372446071353,-0.03924262840050134,363,3.0861244019138754
363,0.6339094201765446,-0.5966081187863208,0.2165929714173033,-0.190096796650618,-0.6541062823757906,-0.5144676265115149,0.16531865032280088,364,3.357142857142857
364,0.1459732610788818,0.5631500940760815,-0.36081862571783196,-0.2696350848636117,0.23324660456753343,-0.25723043596636136,0.323149651493697,365,3.3684210526315788
365,0.9205638056699328,-0.12302776307590903,-0.4067680993653298,0.20949232469667278,0.5321303923785718,0.2977107323383972,0.2290611142194325,366,4.352941176470588
366,0.30070962222599534,-0.9503979576215908,-0.6162325219830476,0.0600652807866797,0.3371463246357278,0.013134026245446124,-0.4007297887514917,367,4.114285714285714
367,0.6678548575440991,-0.5389824116795131,-0.30570514574590324,0.12688025785537926,0.24635055586121482,-0.025315969307316114,-0.19971102229590793,368,3.3125
368,0.8531832084898566,0.29265131420614027,-0.1833468396644071,-0.040289871897775144,-0.018565124642839274,0.3610494403057636,-0.6396809719017948,369,4.0
369,-0.9720793102288612,-0.09639608538162717,-0.32494503499180083,0.3794098576270455,-0.12525673667946602,-0.11992583071329888,0.22341223090541187,370,3.6785714285714284
370,-0.6696538466507687,0.9401274218451998,-0.16646644144203115,0.48525350167067177,0.023370760613381197,0.21202853433191554,0.28362152308518296,371,4.102564102564102
371,0.47240057152826437,-0.8564711199064313,-0.4777692039277195,0.1287209046243093,0.3327079328759949,-0.11389971422264165,-0.09997846501018476,372,4.2272727272727275
372,-0.7107854631297732,0.5063013073918117,0.5047044921212127,-0.2205096523052588,0.34669588916371574,0.3268901923381699,0.24854120726114512,373,3.717948717948718
373,-0.6118898047471651,0.0573687864784715,0.6210672353857267,-0.04420675579553449,0.18743106096190998,0.27625088148934807,0.22802150169836413,374,3.3195876288659796
374,0.5595591910864306,-0.8607383562974273,-0.3470385098370904,0.1838732220349058,0.3240056303108215,-0.31741478025902614,0.03282508254852154,375,3.9375
375,0.6063341317229145,-0.14087735123842307,-0.43484501531458236,-0.12133591028945347,0.24872350401797397,0.45659435203895393,0.17697618280845565,376,3.6363636363636362
376,0.7604138763405665,-0.25217304350718633,-0.4760160328894634,0.1145232811983777,0.4639123096115787,0.39201895584557056,-0.07046663659504929,377,4.0
377,-0.6382491423584759,0.0501127815105727,-0.09138697330022547,0.34774043952176736,-0.2561048640705304,-0.24698202794326723,0.11336415171790205,378,3.4053030303030303
378,-1.1770601786452064,-0.2154026233926735,0.22831479394702525,0.003035885670037955,0.1670362062129128,0.06717196757758144,-0.053577018562668735,379,4.014705882352941
379,-0.6824554661379192,-0.20812022497206165,0.558137784474986,-0.012665547520315403,-0.007378951898663459,-0.14688823887316907,-0.026517694942224265,380,3.163793103448276
380,-0.39525303004779855,-0.14690660109990325,0.2143714627256161,-0.7421832018706132,0.22756002479640497,-0.26511589419313153,-0.06235528754028462,381,3.797752808988764
381,0.4948124998916576,0.03272882232022003,0.08496171789970373,0.2962241660338315,-0.6027998562346417,0.399501384686392,-0.2747212018771606,382,3.5454545454545454
382,-0.706270568341538,-0.40450460660396936,-0.7344567410503227,0.005792996917963575,-0.17633341876945968,0.3699223619707397,0.2069135910957598,383,4.423076923076923
383,-0.3382102833272126,-0.09520149213291752,-0.3821105938574716,-0.6887022442125924,-0.4737545057421621,-0.2825733495667129,-0.42715516208012483,384,4.1875
384,-0.6286046331312651,-0.3151712434590935,0.5051888077797428,0.05102613392647148,-0.11887294889624786,-0.17794330682723092,0.11334742591071495,385,3.3069306930693068
385,0.5886162590851771,-0.25953630693035473,0.052810981688503456,0.4716032791165388,-0.5436803420940279,0.8066801915395334,-0.1661773214285651,386,3.8333333333333335
386,-0.6728120994324112,-0.24812487745265083,0.4716183642105219,0.12495552891859714,0.13640353873822839,-0.14114545726698782,-0.14076311804926298,387,3.3333333333333335
387,-0.5436820862765609,-0.16719344051324675,-0.6687472417346254,-0.48961537468452976,0.09675542741239779,-0.49058806219067747,-0.022327493702512406,388,4.119047619047619
388,-1.0664257180467487,-0.22708069152393945,0.2984064868218843,0.02748416080198942,0.15528392564080848,-0.014106638111890633,-0.02713399135575509,389,3.707920792079208
389,-0.44105149420477974,-0.01185021409252611,-0.2715100283378274,-0.7816836076180677,-0.5872118601061127,-0.620068205142017,-0.2733241709563799,390,3.75
390,-0.6790288088020352,-0.2423026774251348,0.26046486556953824,-0.3174563148986285,-0.12955765604465758,0.3282021152312923,0.34956839188637506,391,3.7578947368421054
391,-0.9486660765509826,-0.16072295717816734,-0.006586362867741282,-0.4614301139368474,-0.21905856898139567,0.06242203924342474,0.1730840390326443,392,4.074074074074074
392,-0.6110171932111019,-0.055251208818569215,0.2583207619334886,0.17484532491167876,-0.031694446188257,-0.007276601645177787,0.08601931174439625,393,3.33968253968254
393,-0.8601669596847441,-0.005735177923700219,-0.273503006271038,0.22324882309572783,-0.14963135058198684,-0.2935998977486271,0.02020001429038948,394,3.808
394,-0.8981419078295438,-0.2228172253260797,-0.22013832914874676,0.568773516427326,-0.2401393481843051,0.0008520386576990283,-0.07536347564429531,395,3.8260869565217392
395,0.05549330238288878,0.021535388402717716,0.07311714276261795,0.9703677050044485,0.12179513482111787,0.06275478415445014,-0.3619298041432951,396,3.3076923076923075
396,-0.8996969854115875,-0.24995113683279316,-0.1805867963526812,0.6325238288646949,-0.2027559818057913,-0.05286588409672723,-0.0921146325385012,397,3.8375
397,-0.7950580286078933,0.11181369805295084,-0.2694243748960784,0.24557150118194546,-0.18375895879756415,-0.12297751303320936,0.19416294789809455,398,3.623076923076923
398,-0.45773695456043934,-0.07606636016645514,0.5247340872692289,0.14096218535959043,-0.08791537639814326,-0.1597412568050207,0.10858956455063912,399,2.92
399,0.6272295751112524,0.16887806922698934,-0.35360206968382746,0.08343553040845085,0.3802544920860984,0.06052499422640117,-0.21048951568925447,400,3.6470588235294117
400,-0.22735832307617365,-0.2299923484665491,0.04780394133570489,0.20830866638712964,-0.1945319670530537,-0.036964222421992626,0.48193642387523633,401,3.1150442477876106
401,-0.6123930477862365,0.5283851697809977,0.2820993896951536,-0.5172281817913353,-0.5885968842879536,0.6208550248241161,0.04912758393585208,402,3.8333333333333335
402,0.04898176894443991,0.41430966406148784,-0.3013858830407615,0.38211043622955704,0.4269032474319398,-0.03287640742923618,-0.5895288342195836,403,3.6382978723404253
403,0.3470830878559066,-0.43576944256484884,-0.23874259284703958,-0.03486659841795731,-0.0365337899239567,-0.37937255336718584,-0.23848943750046603,404,3.25
404,0.33587627657021935,0.1372505341382808,0.5485541240421247,0.12337027426527016,-0.15975772426661294,-0.28659655763680164,0.4311667707421886,405,1.8487972508591066
405,-0.8697784052910518,-0.1051050728837936,0.4140913870204236,0.06708625595192506,0.05556722972973294,-0.07252643222417902,-0.03269380447161447,406,3.4744525547445257
406,-0.7718889278025755,0.034072984513603834,-0.15578499029093573,0.38916093661070117,-0.1843008106281114,-0.22882038084828032,0.074190332133497,407,3.478723404255319
407,0.04874766774028884,-0.7164753361993332,-0.5172420987474582,-0.2596689702718427,0.09716140724056199,-0.11208420198383641,0.3452214079365869,408,3.782608695652174
408,-0.5125039059530252,-0.41839218361155656,-0.009317432558598276,-0.08452308379000677,-0.21195040510268026,0.09372657655059856,0.1804041190633652,409,3.703225806451613
409,0.6235079757598759,0.39104013750433647,0.14202547956581094,-0.31835299674481976,-0.41910951193359475,-0.2546421542476898,0.011471764643432622,410,3.0869565217391304
410,-0.6145973919326834,-0.1377886890178682,-0.47230007336989754,-0.19801290258760462,-0.3073540535544778,-0.017360753459714818,0.25242294424926526,411,3.74
411,0.1280718231654535,0.6156569105787602,-0.47312661618559954,-0.3643381330790945,0.2361710158407581,0.01961276363583014,0.2498357483071232,412,3.945945945945946
412,0.5113416919056086,-0.23160402216935191,-0.32037072419278373,-0.21820598276988631,0.054611583350824375,0.3102560764890776,0.13603696735535695,413,3.675
413,0.5079420817880635,-1.0258437973777976,-0.3151322995258722,0.09482563140790844,0.12986094989409108,-0.34077591517039196,-0.08627002707052865,414,3.9545454545454546
414,-0.20388683490843235,0.4519850579333268,-0.7338475361545103,-0.5159969221059214,0.24627629525151606,0.1625288471575901,-0.015477194435751893,415,4.285714285714286
415,-1.040431014283041,-0.3523350823450246,0.4569159703329586,-0.020118317264779566,0.1865784697026564,0.11122872264268585,-0.05371960172163438,416,3.8513189448441247
416,-0.5921077274662075,-0.07561347110539471,0.2212923668874068,0.14131848490444104,-0.15039577129367865,-0.10996395763065807,0.11259708640072034,417,3.2343234323432344
417,0.9566036157454358,-0.3972706592684236,0.015859922180727338,0.36581663918102764,0.40016689114474163,-0.3590993748630338,0.44549249330111723,418,2.8666666666666667
418,0.041045865338355955,-0.08015585580501747,-0.3062153666775416,-0.3489867033691545,-0.29646054247015685,-0.2955748488985368,-0.8936151049278592,419,4.172413793103448
419,-0.21786592252269354,-0.5399367916241452,-0.558870209356982,-0.47702095689692964,-0.045212049091049616,-0.1958909304777419,0.011144179919464509,420,4.21875
420,0.22445831097182292,-0.5347366968277493,-0.4058912453017742,0.3232480849060033,0.3704108409264128,-0.15673423873959447,-0.43328026807343306,421,3.8181818181818183
421,0.04270824285798154,0.21820569391131614,-0.1234256423951967,0.4320839051063194,0.34161536214833105,-0.43743102950364326,-0.4039643625074026,422,3.4125
422,0.44048942642579636,-0.3651123705159244,-0.24596227205175933,0.06073455515639146,0.06466510171978042,-0.3528925532056464,-0.32223597709630436,423,3.5294117647058822
423,-0.13960906505347892,0.009851706159813994,0.24998036835580809,-0.2993354630334603,-0.1985539288571154,0.5224374705198211,0.30758504493508115,424,3.3
424,-0.03083386206899086,-0.5635718987660624,0.32654410172731163,-0.09730509867603278,-0.0024822988888843793,-0.0787867883753948,0.14381473713986695,425,2.943820224719101
425,-0.5235024231325326,-0.3002032267203648,-0.4199325330998347,-0.08416950009800628,-0.3083417356213207,-0.10736979750886781,0.12749612596717672,426,3.8160919540229883
426,-0.41171840593103315,0.5620840341493102,-0.8201081177430032,-0.6245808579791193,0.27793492127753083,0.04343998018078012,0.19051876747314675,427,4.583333333333333
427,-0.5975237667027048,0.024157679762092675,-0.3273245474475184,0.05888359447788808,0.13729318100275517,-0.6260492860576813,-0.026355156894397033,428,3.9375
428,-0.6838322993421755,-0.2591602496761998,0.3684083684310948,0.09043934529765366,-0.02851832641695485,0.022296184042816233,0.07431109302212838,429,3.370879120879121
429,0.14238090630489894,-0.2994233808832967,-0.3093465587790433,-0.08076649661443769,0.03886702353590635,-0.555305157780517,-0.33387275033579744,430,3.5081967213114753
430,0.800061584650454,-0.6184323503996066,-0.10105381316401857,0.16317716205846966,0.08398781767544874,-0.23070377260454214,0.05367775867083059,431,3.2777777777777777
431,0.47537524592911323,0.15506389683530436,-0.39917008549511573,-0.01453866058341165,0.3280557632913512,-0.02919976595872849,-0.14097198588819412,432,3.6666666666666665
432,-0.2093646873439331,-0.3536235540928051,-0.06207864274446573,0.027956703804889894,-0.5824114712395965,-0.12356808519934803,0.17767644554021758,433,3.4594594594594597
433,0.08940503766565104,0.9378063288793419,-0.04516884855743238,0.5576612305660353,0.5263036267450721,-0.39779649821630425,-0.3202545062178463,434,3.731707317073171
434,-0.5517726840083644,-0.16129187336812337,0.13239731884017553,0.12160440197814397,-0.09527942916246056,0.023783209111565402,0.13776474074374082,435,3.30835734870317
435,-0.7905399143400106,-0.00559529991082037,-0.18558005718640375,0.49459972352432613,-0.13658262459797924,-0.17034427967801308,-0.05233639652437661,436,3.746031746031746
436,-0.7944669980589456,0.037796740151138736,0.47422397896444063,0.07706459428441005,0.2856428948435921,-0.13052311836048755,0.004377899464082361,437,3.5714285714285716
437,0.377145197871024,0.7358084676617238,-0.15878067092515677,-0.3967031336182098,-0.20766646810244604,0.02601355348223838,-0.3901036178611228,438,4.068965517241379
438,0.6861258129334512,0.059460263347112303,-0.22593442109753484,-0.013442234604138143,0.25383294865163447,0.02825290057246529,0.037138146110029496,439,3.7142857142857144
439,0.4909420736715281,0.05984873690473664,-0.4037444864873291,-0.27069417580377597,-0.08869641409389037,0.5428970581666245,-0.5716692278857195,440,4.145833333333333
440,0.16342357111203892,0.5306786027467393,-0.30185905567550897,-0.42124344356421667,-0.032269590236947115,-0.05125781216921741,-0.06822985929561536,441,3.5
441,-0.021771206797306205,-0.4837754189396845,-0.1395571361483323,0.05213877720102431,-0.37966246852597435,0.07285858552446044,0.5084127956223873,442,3.1451612903225805
442,0.773983168761913,-0.3460207629366361,0.2147626302980157,-0.021444024658630188,0.5968926833617821,0.24573090138833117,0.14196980606309959,443,3.375
443,0.8750007261182249,-0.27291911932249907,-0.2844669343382541,0.10831875606291651,0.2667298344462712,0.2502641242712339,-0.00908154701435987,444,3.7142857142857144
444,0.28891452595670103,0.2005281785873188,0.6539085924314698,-0.1782937020150783,-0.27077007513379703,-0.2829885337317436,0.40864163457277225,445,2.0081967213114753
445,0.6730460757125434,-0.5145018735481324,-0.03570218431436352,-0.05268172417714471,-0.04724237718296151,-0.24100742440054057,0.40421409048833923,446,2.742857142857143
446,-0.8770842072493131,-0.2686165255964803,0.5179495951335226,-0.1619961279296425,0.07485791994788865,0.09586391225445405,0.0883503030270913,447,3.574803149606299
447,-0.0864740242220395,-0.5459374474246212,0.3942977170976606,-0.6533866156868493,0.15639674188023472,0.009986803247932408,0.02089867619332593,448,3.3714285714285714
448,-0.16381932238776592,0.4720492257521611,0.2834757711984861,-0.04227051707584507,0.5186186151107955,-0.01823047060935146,-0.05831007371036429,449,3.746268656716418
449,-0.9263544593511013,-0.028193311174282122,0.08970096713288463,0.11942946420845946,0.0507286411826388,-0.005948462267018225,0.021267712979252472,450,3.8582995951417005
450,0.3154691365668208,-0.24321886778496946,0.24796547481577377,-0.0945600404526252,0.34834288267398417,-0.1358213080488092,0.02409534369083187,451,2.7362637362637363
451,-0.8608733926881921,-0.18527673964210034,0.6308381718682724,0.30898864833357664,0.3714031460984064,0.11199094107133635,-0.11286996376779347,452,3.438775510204082
452,-0.3284423473979068,0.4229241666419455,0.5680573521341904,0.2394089275649454,0.3244112575038953,0.31181244451157497,6.185621862223011e-05,453,3.2751677852348995
453,-0.38851370701760446,0.10568251850021929,0.6507449893299541,0.12477539220187488,0.17886766668304013,-0.019987826129702718,0.06377182041080938,454,2.973333333333333
454,-0.7832867096080322,0.19574253281199375,-0.08447577297297475,0.6645472547437139,-0.12057226568964433,-0.07192321317309965,0.07035522645153952,455,3.5
455,-0.6359166536119543,-0.22602535414367958,0.4339311370347722,-0.0817190103653043,0.03115052220005543,0.0417112273572387,0.1256181187333253,456,3.4694835680751175
456,-1.3522948496769143,-0.1289829367866488,0.39076063873695194,0.019427822132256353,0.21083388533824646,0.16172645564084026,-0.017684593032803356,457,4.026022304832714
457,-0.9291188155990123,-0.24239856182968286,0.37192458400498385,-0.18629266258272426,0.06288277136927922,-0.13312462702379307,0.12341856922064033,458,3.683333333333333
458,-0.11594137534726605,0.6162476398856109,-0.27253509890511546,0.06481873677935619,0.3522940376578286,-0.14824543687285757,0.1642719976813721,459,3.3846153846153846
459,-0.10833217982404146,-0.47240803044565255,0.20295962060656134,-0.5718612193039669,0.15793930769410092,-0.18696273351847487,0.16511227324604183,460,3.417910447761194
460,0.33729946081709355,-0.24933710019184635,0.016343871899523958,-0.002417426653687424,-0.43235097536601125,0.018302946463742305,0.05395456586996157,461,3.0
461,0.2673527705015168,-0.027627935944708845,-0.545146455712671,-0.28344016610798234,0.20398687154543105,0.20421981148812438,0.5161362299464811,462,3.96875
462,-0.10316282368537653,-0.5528790174505619,0.6247944111011466,-0.18522972320818518,0.13339573671987395,-0.37108354398889754,-0.31610027877311164,463,2.8646616541353382
463,-0.4674830699344633,-0.5345079266109706,-0.5342234740160793,0.04247619506701685,-0.24231137927637308,0.18837056479388173,0.2800790135203308,464,4.037735849056604
464,-0.43236203960523634,0.0776360260549273,0.4619994282479936,-0.17063461568184102,-0.21027708636678943,0.013094681562793045,-0.26918599287874445,465,3.4375
465,-0.08611814145166681,-0.3600124208190564,-0.2294224261817142,0.2202380022659256,-0.15944057884179635,0.017947172843443965,0.04193344951251024,466,3.4653465346534653
466,-0.2463247853976721,-0.4008597447989302,0.30955790266161526,-0.4900101549510374,0.5514478520653455,-0.3407336930181205,-0.3730982851396181,467,3.6818181818181817
467,-1.0270139536559357,0.21799428586136743,-0.3428136341441471,0.2000915355277588,-0.18013776270926815,-0.0933821793869698,0.13555832018430958,468,3.993006993006993
468,-0.17211104771237845,-0.8056801122428668,-0.3866689150712954,-0.090972110209721,-0.6423888614376905,0.6959972086206166,-0.17113369012528493,469,4.534883720930233
469,0.08504267039562564,0.2964648177524785,-0.028151851190279725,-0.46411765421497386,0.46732716665028706,0.12295670637456466,0.1546592977962417,470,3.5789473684210527
470,0.5513394899058085,0.5353960040868931,0.044440415232922026,-0.31076420441188174,-0.2048222290396901,-0.018464723394489017,-0.23800653763248333,471,3.3870967741935485
471,-0.7065701487584249,0.44521006250819656,-0.48632799846767716,0.36820979785233665,0.10242558556068294,0.48497125635953703,0.08576276015118943,472,4.228136882129277
472,0.27659918381758997,-0.7545730204918734,0.3199047351991351,-0.5264891875870708,0.06216676206377998,0.3613831137243144,-0.2519128931463301,473,3.914285714285714
473,-1.16578487677828,-0.1910064921650553,0.19958825907670227,0.0430724338289192,0.17411354721247102,0.1377796230787227,-0.1299433536914791,474,4.08256880733945
474,0.4829917605791455,-0.2737202276922926,-0.2268223008771104,-0.0940392025478509,-0.22197184354790167,-0.017760079562554838,-0.7446522154106926,475,3.6
475,0.0018451790118147698,0.06108289688225077,-0.27613681847325966,0.5382778389080034,0.20084853431736915,0.4223886279929981,0.228059213591474,476,3.3734939759036147
476,1.1580862154365483,0.23316212644806134,0.33143719957467127,-0.18935049372639265,-0.4123996473271459,-0.0486317119876525,0.8633133002321552,477,4.457142857142857
477,-0.39616619143076837,-0.04967241663669502,0.34939371564319815,-0.3279295313902852,0.0493880824040189,-0.1523616929643972,0.3281433955158438,478,3.415929203539823
478,-0.6381864184725802,-0.39477651993469315,0.3362722071792886,-0.06957916595037722,0.16111644120443006,-0.056268672985533744,0.10731066168435188,479,3.4207920792079207
479,-0.7044407401846747,0.004178112317279756,-0.34395233131433167,-0.16749898248482206,-0.491679492006651,-0.17484264251950965,0.09269638090310785,480,3.7333333333333334
480,-0.6257368839269507,-0.08465484588196223,-0.22025141439947865,-0.20764683980031712,-0.8847824009034565,0.24814532898571637,-0.2165767714844458,481,3.982142857142857
481,0.5247072249329102,0.031310338387222594,-0.40220267342450394,-0.14362995764595204,0.19596009630443584,0.30360306230106193,0.12294822158642744,482,3.423076923076923
482,0.21574589116638515,0.3802171871628188,-0.005839894961002886,-0.005333087101305785,-0.32694581698972264,0.15280241653996904,0.2691657337389339,483,3.0508474576271185
483,-0.8622372720669177,0.04567302394479378,-0.2989527090481681,0.3187999466257384,-0.1568479055518693,-0.06951302181991653,-0.03530905170010667,484,3.9928057553956835
484,0.17064786305914484,-0.4220785680791521,0.037303653984111645,-0.2335003231546882,-0.3733824717457896,-0.9524944061323105,0.39898705649205835,485,3.0384615384615383
485,-0.16508328138939077,-0.2447802903920431,0.422072576857597,-0.6097949974169087,0.3519781496956894,-0.2543207022404966,0.06495093997915109,486,3.2222222222222223
486,0.17814116808935376,0.6784599947440719,0.01580457427521354,-0.34484604399449453,0.2768764507102112,-0.22233180571240163,-0.3230837856792396,487,3.903225806451613
